program,midi,duration,seed,rms100,peak
0,60,0.35,1933,0.247270709,0.903604158
0,60,0.35,2024,0.248988873,0.880491566
0,60,1.50,1933,0.247270709,0.903604158
0,60,1.50,2024,0.248988873,0.880491566
0,67,0.35,1933,0.257308033,0.950637881
0,67,0.35,2024,0.28233353,1.18693419
0,67,1.50,1933,0.257308033,0.950637881
0,67,1.50,2024,0.28233353,1.18693419
0,74,0.35,1933,0.414956676,1.27142716
0,74,0.35,2024,0.265090985,1.14248951
0,74,1.50,1933,0.414956676,1.27142716
0,74,1.50,2024,0.265090985,1.14248951
0,79,0.35,1933,0.271907579,1.03864166
0,79,0.35,2024,0.36260721,1.39243296
0,79,1.50,1933,0.271907579,1.03864166
0,79,1.50,2024,0.36260721,1.39243296
0,83,0.35,1933,0.150714114,1.04408455
0,83,0.35,2024,0.347778278,1.0088056
0,83,1.50,1933,0.150714114,1.04408455
0,83,1.50,2024,0.347778278,1.0088056
1,60,0.35,1933,0.216857035,0.867602104
1,60,0.35,2024,0.209223521,0.862490627
1,60,1.50,1933,0.216857035,0.867602104
1,60,1.50,2024,0.209223521,0.862490627
1,64,0.35,1933,0.222280635,1.16070759
1,64,0.35,2024,0.273927933,1.22666593
1,64,1.50,1933,0.222280635,1.16070759
1,64,1.50,2024,0.273927933,1.22666593
2,60,0.35,1933,0.200307721,0.830836495
2,60,0.35,2024,0.211647156,0.76550408
2,60,1.50,1933,0.200307721,0.830836495
2,60,1.50,2024,0.211647156,0.76550408
2,72,0.35,1933,0.237960774,0.685775141
2,72,0.35,2024,0.204338039,0.792737793
2,72,1.50,1933,0.237960774,0.685775141
2,72,1.50,2024,0.204338039,0.792737793
2,76,0.35,1933,0.216417074,0.895387131
2,76,0.35,2024,0.370441338,1.14048102
2,76,1.50,1933,0.216417074,0.895387131
2,76,1.50,2024,0.370441338,1.14048102
3,60,0.35,1933,0.179831873,0.80354892
3,60,0.35,2024,0.17847581,0.781867811
3,60,1.50,1933,0.179831873,0.80354892
3,60,1.50,2024,0.17847581,0.781867811
3,76,0.35,1933,0.214042471,1.16372368
3,76,0.35,2024,0.335686488,1.22451643
3,76,1.50,1933,0.214042471,1.16372368
3,76,1.50,2024,0.335686488,1.22451643
3,79,0.35,1933,0.211092077,0.897531342
3,79,0.35,2024,0.279309885,1.27276376
3,79,1.50,1933,0.211092077,0.897531342
3,79,1.50,2024,0.279309885,1.27276376
4,60,0.35,1933,0.543250136,0.688140038
4,60,0.35,2024,0.542941035,0.695851724
4,60,1.50,1933,0.543250136,1.0402714
4,60,1.50,2024,0.542941035,1.07179271
4,69,0.35,1933,0.541492963,0.686518825
4,69,0.35,2024,0.540155458,0.75471906
4,69,1.50,1933,0.541492963,1.07542198
4,69,1.50,2024,0.540155458,0.935366897
4,74,0.35,1933,0.539510999,0.713277323
4,74,0.35,2024,0.537030066,0.798124338
4,74,1.50,1933,0.539510999,1.04540471
4,74,1.50,2024,0.537030066,1.01482641
4,77,0.35,1933,0.537925562,0.733934476
4,77,0.35,2024,0.533857492,0.82043563
4,77,1.50,1933,0.537925562,0.982194184
4,77,1.50,2024,0.555723876,1.0213373
4,79,0.35,1933,0.53650056,0.747977281
4,79,0.35,2024,0.53125058,0.837714123
4,79,1.50,1933,0.53650056,0.924061897
4,79,1.50,2024,0.557467867,1.00142345
4,83,0.35,1933,0.532820793,0.781833592
4,83,0.35,2024,0.524339634,0.85205573
4,83,1.50,1933,0.532820793,0.99291949
4,83,1.50,2024,0.526288359,1.05624306
5,60,0.35,1933,0.458432646,0.641255741
5,60,0.35,2024,0.456951239,0.637994426
5,60,1.50,1933,0.467546762,0.662149118
5,60,1.50,2024,0.477221451,0.675028452
5,72,0.35,1933,0.457035735,0.63538998
5,72,0.35,2024,0.451303945,0.630921194
5,72,1.50,1933,0.485901764,0.665397614
5,72,1.50,2024,0.500556479,0.682111922
5,74,0.35,1933,0.456677375,0.633633375
5,74,0.35,2024,0.449364738,0.63020694
5,74,1.50,1933,0.496693997,0.653862358
5,74,1.50,2024,0.484361875,0.689119139
6,60,0.35,1933,0.633094148,1.94651016
6,60,0.35,2024,0.718392411,2.43592997
6,60,1.50,1933,0.633094148,1.94651016
6,60,1.50,2024,0.718392411,2.43592997
6,72,0.35,1933,0.450885865,1.85083217
6,72,0.35,2024,0.48753268,1.94051991
6,72,1.50,1933,0.450885865,1.85083217
6,72,1.50,2024,0.48753268,1.94051991
7,60,0.35,1933,0.634564401,1.23122882
7,60,0.35,2024,0.692653295,1.24614153
7,60,1.50,1933,0.634564401,1.23122882
7,60,1.50,2024,0.692653295,1.24614153
7,72,0.35,1933,0.434115788,1.21948326
7,72,0.35,2024,0.47800281,1.23140166
7,72,1.50,1933,0.434115788,1.21948326
7,72,1.50,2024,0.47800281,1.23140166
8,60,0.35,1933,0.372263331,0.682031951
8,60,0.35,2024,0.400001218,0.681774509
8,60,1.50,1933,0.372263331,0.682031951
8,60,1.50,2024,0.400001218,0.681774509
8,67,0.35,1933,0.372123134,0.689699163
8,67,0.35,2024,0.399989834,0.683867024
8,67,1.50,1933,0.372123134,0.689699163
8,67,1.50,2024,0.399989834,0.683867024
8,72,0.35,1933,0.371867873,0.692607043
8,72,0.35,2024,0.399935608,0.678002185
8,72,1.50,1933,0.371867873,0.692607043
8,72,1.50,2024,0.399935608,0.680074831
8,74,0.35,1933,0.37187272,0.699876848
8,74,0.35,2024,0.399653467,0.683486952
8,74,1.50,1933,0.37187272,0.699876848
8,74,1.50,2024,0.399653467,0.704263667
8,76,0.35,1933,0.371303753,0.718023878
8,76,0.35,2024,0.399478023,0.718521656
8,76,1.50,1933,0.371303753,0.718023878
8,76,1.50,2024,0.399478023,0.72273295
8,79,0.35,1933,0.371655475,0.74064942
8,79,0.35,2024,0.399743472,0.748959667
8,79,1.50,1933,0.371655475,0.74064942
8,79,1.50,2024,0.399743472,0.748959667
9,60,0.35,1933,0.308969209,0.761056155
9,60,0.35,2024,0.323643695,0.771548356
9,60,1.50,1933,0.308969209,0.761056155
9,60,1.50,2024,0.323643695,0.771548356
9,72,0.35,1933,0.308487236,0.783375857
9,72,0.35,2024,0.323402136,0.805112743
9,72,1.50,1933,0.308487236,0.783375857
9,72,1.50,2024,0.323402136,0.805112743
9,74,0.35,1933,0.3080692,0.787920601
9,74,0.35,2024,0.323290666,0.809301729
9,74,1.50,1933,0.3080692,0.787920601
9,74,1.50,2024,0.323290666,0.809301729
9,76,0.35,1933,0.308053297,0.79708219
9,76,0.35,2024,0.323366391,0.810517475
9,76,1.50,1933,0.308053297,0.79708219
9,76,1.50,2024,0.323366391,0.810517475
10,60,0.35,1933,0.393861221,0.780650652
10,60,0.35,2024,0.429755069,0.811779053
10,60,1.50,1933,0.393861221,0.780650652
10,60,1.50,2024,0.429755069,0.811779053
10,76,0.35,1933,0.392923115,0.820668117
10,76,0.35,2024,0.42908515,0.830697606
10,76,1.50,1933,0.392923115,0.820668117
10,76,1.50,2024,0.42908515,0.830697606
10,79,0.35,1933,0.39297008,0.838086293
10,79,0.35,2024,0.42909553,0.835347991
10,79,1.50,1933,0.39297008,0.838086293
10,79,1.50,2024,0.42909553,0.835347991
10,81,0.35,1933,0.392795202,0.829758037
10,81,0.35,2024,0.428906356,0.838356284
10,81,1.50,1933,0.392795202,0.829758037
10,81,1.50,2024,0.428906356,0.838356284
10,83,0.35,1933,0.392874491,0.833651967
10,83,0.35,2024,0.4287791,0.84128805
10,83,1.50,1933,0.392874491,0.833651967
10,83,1.50,2024,0.4287791,0.84128805
11,47,0.35,1933,0.350485764,0.671905388
11,47,0.35,2024,0.355673198,0.695778193
11,47,1.50,1933,0.350485764,0.671905388
11,47,1.50,2024,0.365518981,0.695778193
11,57,0.35,1933,0.348319473,0.670595249
11,57,0.35,2024,0.353941709,0.68324152
11,57,1.50,1933,0.348319473,0.701004672
11,57,1.50,2024,0.363377369,0.712420185
11,60,0.35,1933,0.349224897,0.66163026
11,60,0.35,2024,0.354767273,0.698573108
11,60,1.50,1933,0.349224897,0.718827836
11,60,1.50,2024,0.364358999,0.743084926
11,66,0.35,1933,0.348264734,0.644016647
11,66,0.35,2024,0.353915618,0.746987971
11,66,1.50,1933,0.348264734,0.766448704
11,66,1.50,2024,0.363347006,0.783509471
11,76,0.35,1933,0.348318618,0.728494729
11,76,0.35,2024,0.354186976,0.826924473
11,76,1.50,1933,0.348318618,0.761162176
11,76,1.50,2024,0.363665613,0.826924473
11,83,0.35,1933,0.348215322,0.838073434
11,83,0.35,2024,0.353871977,0.86126856
11,83,1.50,1933,0.348215322,0.838073434
11,83,1.50,2024,0.363285695,0.86126856
12,60,0.35,1933,0.383134061,0.668850064
12,60,0.35,2024,0.416971204,0.674922678
12,60,1.50,1933,0.383134061,0.668850064
12,60,1.50,2024,0.416971204,0.674922678
12,65,0.35,1933,0.382862502,0.667761877
12,65,0.35,2024,0.416925233,0.671482858
12,65,1.50,1933,0.382862502,0.667761877
12,65,1.50,2024,0.416925233,0.671482858
12,71,0.35,1933,0.38317162,0.676139956
12,71,0.35,2024,0.417247348,0.671326163
12,71,1.50,1933,0.38317162,0.676139956
12,71,1.50,2024,0.417247348,0.671326163
12,77,0.35,1933,0.382797674,0.680814032
12,77,0.35,2024,0.416816318,0.689565896
12,77,1.50,1933,0.382797674,0.680814032
12,77,1.50,2024,0.416816318,0.689565896
12,83,0.35,1933,0.382753065,0.701105558
12,83,0.35,2024,0.416667952,0.721869259
12,83,1.50,1933,0.382753065,0.701105558
12,83,1.50,2024,0.416667952,0.721869259
13,60,0.35,1933,0.328921138,0.617716555
13,60,0.35,2024,0.350467945,0.600678366
13,60,1.50,1933,0.328921138,0.617716555
13,60,1.50,2024,0.350467945,0.600678366
13,72,0.35,1933,0.328372087,0.708607617
13,72,0.35,2024,0.350263124,0.617215298
13,72,1.50,1933,0.328372087,0.708607617
13,72,1.50,2024,0.350263124,0.617215298
13,74,0.35,1933,0.328449609,0.72374746
13,74,0.35,2024,0.350346068,0.624973439
13,74,1.50,1933,0.328449609,0.72374746
13,74,1.50,2024,0.350346068,0.624973439
13,76,0.35,1933,0.328097437,0.73724303
13,76,0.35,2024,0.350157798,0.634481915
13,76,1.50,1933,0.328097437,0.73724303
13,76,1.50,2024,0.350157798,0.634481915
13,77,0.35,1933,0.328274894,0.743151516
13,77,0.35,2024,0.350211933,0.639161898
13,77,1.50,1933,0.328274894,0.743151516
13,77,1.50,2024,0.350211933,0.639161898
14,60,0.35,1933,0.301343729,0.844225806
14,60,0.35,2024,0.285009011,0.825921151
14,60,1.50,1933,0.301343729,0.844225806
14,60,1.50,2024,0.285009011,0.825921151
14,74,0.35,1933,0.299921539,0.848786976
14,74,0.35,2024,0.284414701,0.828811893
14,74,1.50,1933,0.299921539,0.85455461
14,74,1.50,2024,0.284414701,0.844576733
14,76,0.35,1933,0.299874217,0.848895161
14,76,0.35,2024,0.284049754,0.821474096
14,76,1.50,1933,0.299874217,0.859847743
14,76,1.50,2024,0.284049754,0.844613428
14,79,0.35,1933,0.299816107,0.866688252
14,79,0.35,2024,0.284152247,0.818254802
14,79,1.50,1933,0.299816107,0.866688252
14,79,1.50,2024,0.284152247,0.859069141
14,83,0.35,1933,0.299676419,0.868914744
14,83,0.35,2024,0.284041997,0.871503191
14,83,1.50,1933,0.299676419,0.868914744
14,83,1.50,2024,0.284041997,0.871503191
15,60,0.35,1933,0.538532042,1.61881919
15,60,0.35,2024,0.682921052,2.5146731
15,60,1.50,1933,0.538532042,1.61881919
15,60,1.50,2024,0.682921052,2.5146731
15,72,0.35,1933,0.501310939,1.55259858
15,72,0.35,2024,0.471558254,1.79962503
15,72,1.50,1933,0.501310939,1.55259858
15,72,1.50,2024,0.471558254,1.79962503
15,74,0.35,1933,0.539722558,1.78360603
15,74,0.35,2024,0.470460568,1.55241164
15,74,1.50,1933,0.539722558,1.78360603
15,74,1.50,2024,0.470460568,1.55241164
15,76,0.35,1933,0.483993123,1.95095785
15,76,0.35,2024,0.582385732,1.93789155
15,76,1.50,1933,0.483993123,1.95095785
15,76,1.50,2024,0.582385732,1.93789155
15,79,0.35,1933,0.422760348,1.64465684
15,79,0.35,2024,0.45547515,1.87623776
15,79,1.50,1933,0.422760348,1.64465684
15,79,1.50,2024,0.45547515,1.87623776
16,59,0.35,1933,0.324946298,0.610626544
16,59,0.35,2024,0.322520991,0.696336108
16,59,1.50,1933,0.355538215,0.665622676
16,59,1.50,2024,0.353350795,0.797500219
16,60,0.35,1933,0.325373775,0.61139481
16,60,0.35,2024,0.323314147,0.6955556
16,60,1.50,1933,0.355881399,0.666187849
16,60,1.50,2024,0.354687239,0.799807847
16,61,0.35,1933,0.324998913,0.612108621
16,61,0.35,2024,0.322316637,0.69766183
16,61,1.50,1933,0.355231872,0.666899504
16,61,1.50,2024,0.352770671,0.802043638
17,60,0.35,1933,0.457856163,0.881522189
17,60,0.35,2024,0.525592048,1.24160422
17,60,1.50,1933,0.457856163,0.881522189
17,60,1.50,2024,0.525592048,1.24160422
17,63,0.35,1933,0.455679888,0.876352183
17,63,0.35,2024,0.52472166,1.23417903
17,63,1.50,1933,0.455679888,0.876352183
17,63,1.50,2024,0.52472166,1.23417903
17,65,0.35,1933,0.455556964,0.879192771
17,65,0.35,2024,0.523944116,1.23773333
17,65,1.50,1933,0.455556964,0.879192771
17,65,1.50,2024,0.523944116,1.23773333
18,60,0.35,1933,0.272857188,0.453372526
18,60,0.35,2024,0.248033021,0.471653144
18,60,1.50,1933,0.272979588,0.453838424
18,60,1.50,2024,0.248033021,0.47705064
18,67,0.35,1933,0.273227588,0.453029151
18,67,0.35,2024,0.246959117,0.472947494
18,67,1.50,1933,0.273280399,0.467246243
18,67,1.50,2024,0.252736541,0.477219142
19,60,0.35,1933,0.276371264,0.546446584
19,60,0.35,2024,0.276870802,0.775812723
19,60,1.50,1933,0.277063193,0.67830324
19,60,1.50,2024,0.27687218,0.795119471
19,69,0.35,1933,0.275361904,0.624263476
19,69,0.35,2024,0.274619744,0.776369577
19,69,1.50,1933,0.275790382,0.67976111
19,69,1.50,2024,0.274926753,0.793046112
19,71,0.35,1933,0.276229723,0.638258788
19,71,0.35,2024,0.275523885,0.772108806
19,71,1.50,1933,0.276368074,0.731102528
19,71,1.50,2024,0.275523885,0.791692235
20,60,0.35,1933,0.404445705,0.827508656
20,60,0.35,2024,0.484364865,0.984050364
20,60,1.50,1933,0.486309989,0.980478608
20,60,1.50,2024,0.484364865,0.984050364
20,73,0.35,1933,0.405240521,0.844850279
20,73,0.35,2024,0.454513436,0.942290874
20,73,1.50,1933,0.457904003,0.948728809
20,73,1.50,2024,0.455099792,0.948502558
20,75,0.35,1933,0.404982616,0.848215261
20,75,0.35,2024,0.44608344,0.938988773
20,75,1.50,1933,0.451610864,0.95829429
20,75,1.50,2024,0.446940186,0.947572342
21,60,0.35,1933,0.331576984,0.814983694
21,60,0.35,2024,0.382444731,0.875528863
21,60,1.50,1933,0.397600353,0.935229188
21,60,1.50,2024,0.387195211,0.880793559
21,77,0.35,1933,0.34202404,0.880701069
21,77,0.35,2024,0.326335098,0.809962598
21,77,1.50,1933,0.359712922,0.880701069
21,77,1.50,2024,0.349273345,0.831285525
22,60,0.35,1933,0.512070414,0.965389742
22,60,0.35,2024,0.52403465,0.92457275
22,60,1.50,1933,0.527031488,1.01412488
22,60,1.50,2024,0.52403465,0.962907572
22,67,0.35,1933,0.505031812,0.9210837
22,67,0.35,2024,0.514176958,0.892807484
22,67,1.50,1933,0.520001072,1.01361298
22,67,1.50,2024,0.523455645,0.989190826
22,72,0.35,1933,0.497251897,0.902510935
22,72,0.35,2024,0.507483719,0.890120831
22,72,1.50,1933,0.508653793,0.947112869
22,72,1.50,2024,0.516591819,0.983513355
22,75,0.35,1933,0.489419008,0.917805061
22,75,0.35,2024,0.501431007,0.889523777
22,75,1.50,1933,0.504626513,0.975570868
22,75,1.50,2024,0.510052378,0.956059881
22,84,0.35,1933,0.470771407,0.823474008
22,84,0.35,2024,0.479635007,0.847492066
22,84,1.50,1933,0.473271854,0.875248255
22,84,1.50,2024,0.487197246,0.905555241
23,60,0.35,1933,0.429741276,0.912360995
23,60,0.35,2024,0.357423957,0.901138411
23,60,1.50,1933,0.429741276,0.986696291
23,60,1.50,2024,0.479945939,0.968766287
24,47,0.35,1933,0.585845502,2.01593532
24,47,0.35,2024,0.580446765,1.88924857
24,47,1.50,1933,0.585845502,2.01593532
24,47,1.50,2024,0.580446765,1.88924857
24,55,0.35,1933,0.512871012,1.67171717
24,55,0.35,2024,0.668126641,1.74672031
24,55,1.50,1933,0.512871012,1.67171717
24,55,1.50,2024,0.668126641,1.74672031
24,60,0.35,1933,0.471137199,1.21287557
24,60,0.35,2024,0.496684965,1.65393739
24,60,1.50,1933,0.471137199,1.21287557
24,60,1.50,2024,0.496684965,1.65393739
24,62,0.35,1933,0.448920383,1.46168581
24,62,0.35,2024,0.467356818,1.81416137
24,62,1.50,1933,0.448920383,1.46168581
24,62,1.50,2024,0.467356818,1.81416137
24,69,0.35,1933,0.381072226,0.947360334
24,69,0.35,2024,0.274339001,1.00223643
24,69,1.50,1933,0.381072226,0.947360334
24,69,1.50,2024,0.274339001,1.00223643
24,79,0.35,1933,0.269734301,0.83714316
24,79,0.35,2024,0.220192959,0.97842054
24,79,1.50,1933,0.269734301,0.83714316
24,79,1.50,2024,0.220192959,0.97842054
25,60,0.35,1933,0.600779152,2.17520745
25,60,0.35,2024,0.647398535,2.55477798
25,60,1.50,1933,0.600779152,2.17520745
25,60,1.50,2024,0.647398535,2.55477798
25,65,0.35,1933,0.547355776,1.93878124
25,65,0.35,2024,0.567266068,1.88571238
25,65,1.50,1933,0.547355776,1.93878124
25,65,1.50,2024,0.567266068,1.88571238
25,71,0.35,1933,0.481155808,1.97560529
25,71,0.35,2024,0.572337134,2.20589797
25,71,1.50,1933,0.481155808,1.97560529
25,71,1.50,2024,0.572337134,2.20589797
25,76,0.35,1933,0.466886634,1.7410029
25,76,0.35,2024,0.654247972,2.75909898
25,76,1.50,1933,0.466886634,1.7410029
25,76,1.50,2024,0.654247972,2.75909898
25,83,0.35,1933,0.232577883,1.11930747
25,83,0.35,2024,0.351476704,1.62323944
25,83,1.50,1933,0.232577883,1.11930747
25,83,1.50,2024,0.351476704,1.62323944
26,60,0.35,1933,0.43150514,1.23214445
26,60,0.35,2024,0.481228801,1.93279832
26,60,1.50,1933,0.43150514,1.23214445
26,60,1.50,2024,0.481228801,1.93279832
26,62,0.35,1933,0.44394156,1.59227346
26,62,0.35,2024,0.523047475,1.73022672
26,62,1.50,1933,0.44394156,1.59227346
26,62,1.50,2024,0.523047475,1.73022672
26,65,0.35,1933,0.433374217,1.4589041
26,65,0.35,2024,0.462121146,1.77225497
26,65,1.50,1933,0.433374217,1.4589041
26,65,1.50,2024,0.462121146,1.77225497
26,69,0.35,1933,0.446819085,1.18978735
26,69,0.35,2024,0.3347915,1.71906754
26,69,1.50,1933,0.446819085,1.18978735
26,69,1.50,2024,0.3347915,1.71906754
26,72,0.35,1933,0.366468724,1.10793738
26,72,0.35,2024,0.29245091,1.16892259
26,72,1.50,1933,0.366468724,1.10793738
26,72,1.50,2024,0.29245091,1.16892259
26,79,0.35,1933,0.327880278,0.996591942
26,79,0.35,2024,0.256804639,1.02428701
26,79,1.50,1933,0.327880278,0.996591942
26,79,1.50,2024,0.256804639,1.02428701
27,60,0.35,1933,0.612771485,2.06257098
27,60,0.35,2024,0.698797973,2.56746129
27,60,1.50,1933,0.612771485,2.06257098
27,60,1.50,2024,0.698797973,2.56746129
27,65,0.35,1933,0.563027365,1.7676553
27,65,0.35,2024,0.558649657,2.11616233
27,65,1.50,1933,0.563027365,1.7676553
27,65,1.50,2024,0.558649657,2.11616233
27,69,0.35,1933,0.531549143,1.76391149
27,69,0.35,2024,0.496192616,1.78990123
27,69,1.50,1933,0.531549143,1.76391149
27,69,1.50,2024,0.496192616,1.78990123
27,72,0.35,1933,0.49126542,1.97291834
27,72,0.35,2024,0.544126724,2.15440629
27,72,1.50,1933,0.49126542,1.97291834
27,72,1.50,2024,0.544126724,2.15440629
27,76,0.35,1933,0.509949724,1.71326651
27,76,0.35,2024,0.672118529,2.49098325
27,76,1.50,1933,0.509949724,1.71326651
27,76,1.50,2024,0.672118529,2.49098325
28,47,0.35,1933,0.534660965,2.46851952
28,47,0.35,2024,0.496059476,1.94560613
28,47,1.50,1933,0.534660965,2.46851952
28,47,1.50,2024,0.496059476,1.94560613
28,57,0.35,1933,0.367968667,1.37160311
28,57,0.35,2024,0.414349463,1.51590829
28,57,1.50,1933,0.367968667,1.37160311
28,57,1.50,2024,0.414349463,1.51590829
28,60,0.35,1933,0.341461907,1.30238474
28,60,0.35,2024,0.35396176,1.55512597
28,60,1.50,1933,0.341461907,1.30238474
28,60,1.50,2024,0.35396176,1.55512597
28,64,0.35,1933,0.260704554,1.01692223
28,64,0.35,2024,0.267057509,1.14692277
28,64,1.50,1933,0.260704554,1.01692223
28,64,1.50,2024,0.267057509,1.14692277
28,72,0.35,1933,0.168223896,0.735054044
28,72,0.35,2024,0.154736254,0.721743327
28,72,1.50,1933,0.168223896,0.735054044
28,72,1.50,2024,0.154736254,0.721743327
28,79,0.35,1933,0.105151835,0.436043967
28,79,0.35,2024,0.0984337286,0.491387129
28,79,1.50,1933,0.105151835,0.436043967
28,79,1.50,2024,0.0984337286,0.491387129
29,60,0.35,1933,0.698300105,1.17682593
29,60,0.35,2024,0.686441472,1.17875191
29,60,1.50,1933,0.698300105,1.17682593
29,60,1.50,2024,0.686441472,1.17875191
29,69,0.35,1933,0.649188274,1.2476375
29,69,0.35,2024,0.680137739,1.21315614
29,69,1.50,1933,0.649188274,1.2476375
29,69,1.50,2024,0.680137739,1.21315614
29,72,0.35,1933,0.606678109,1.16247012
29,72,0.35,2024,0.679121816,1.17797045
29,72,1.50,1933,0.606678109,1.16247012
29,72,1.50,2024,0.679121816,1.17797045
29,76,0.35,1933,0.633682284,1.17087273
29,76,0.35,2024,0.756869185,1.19772223
29,76,1.50,1933,0.633682284,1.17087273
29,76,1.50,2024,0.756869185,1.19772223
29,79,0.35,1933,0.488453407,1.13301779
29,79,0.35,2024,0.54961015,1.185762
29,79,1.50,1933,0.488453407,1.13301779
29,79,1.50,2024,0.54961015,1.185762
30,55,0.35,1933,0.450448703,0.580447124
30,55,0.35,2024,0.439318391,0.644514996
30,55,1.50,1933,0.450448703,0.609767004
30,55,1.50,2024,0.439318391,0.644514996
30,60,0.35,1933,0.414143135,0.539250825
30,60,0.35,2024,0.412086637,0.540252884
30,60,1.50,1933,0.414143135,0.539250825
30,60,1.50,2024,0.412086637,0.540252884
30,62,0.35,1933,0.41669553,0.53325702
30,62,0.35,2024,0.421680477,0.531363209
30,62,1.50,1933,0.41669553,0.53325702
30,62,1.50,2024,0.421680477,0.531363209
30,67,0.35,1933,0.399774596,0.559447382
30,67,0.35,2024,0.422153344,0.560934976
30,67,1.50,1933,0.399774596,0.559447382
30,67,1.50,2024,0.422153344,0.560934976
30,74,0.35,1933,0.42915741,0.538006394
30,74,0.35,2024,0.440790188,0.513415125
30,74,1.50,1933,0.42915741,0.538006394
30,74,1.50,2024,0.440790188,0.513415125
30,79,0.35,1933,0.338098337,0.522138118
30,79,0.35,2024,0.381128351,0.546857503
30,79,1.50,1933,0.338098337,0.522138118
30,79,1.50,2024,0.381128351,0.546857503
31,60,0.35,1933,0.612028288,1.41655289
31,60,0.35,2024,0.607086692,1.59803351
31,60,1.50,1933,0.612028288,1.41655289
31,60,1.50,2024,0.607086692,1.59803351
31,65,0.35,1933,0.557719198,1.46246974
31,65,0.35,2024,0.617413215,1.56467425
31,65,1.50,1933,0.557719198,1.46246974
31,65,1.50,2024,0.617413215,1.56467425
31,71,0.35,1933,0.443595573,1.39104129
31,71,0.35,2024,0.568443435,1.39780903
31,71,1.50,1933,0.443595573,1.39104129
31,71,1.50,2024,0.568443435,1.39780903
31,74,0.35,1933,0.597976463,1.53533989
31,74,0.35,2024,0.647204098,1.50861336
31,74,1.50,1933,0.597976463,1.53533989
31,74,1.50,2024,0.647204098,1.50861336
31,83,0.35,1933,0.377604896,1.21766431
31,83,0.35,2024,0.529673491,1.51895234
31,83,1.50,1933,0.377604896,1.21766431
31,83,1.50,2024,0.529673491,1.51895234
32,41,0.35,1933,0.855722215,2.33320498
32,41,0.35,2024,0.796138884,2.25157225
32,41,1.50,1933,0.855722215,2.33320498
32,41,1.50,2024,0.796138884,2.25157225
32,43,0.35,1933,0.656531708,2.18783857
32,43,0.35,2024,0.578138601,2.13829809
32,43,1.50,1933,0.656531708,2.18783857
32,43,1.50,2024,0.578138601,2.13829809
32,45,0.35,1933,0.562030353,2.26663479
32,45,0.35,2024,0.404541994,1.84040873
32,45,1.50,1933,0.562030353,2.26663479
32,45,1.50,2024,0.404541994,1.84040873
32,47,0.35,1933,0.397889087,1.44316178
32,47,0.35,2024,0.380667021,1.30765782
32,47,1.50,1933,0.397889087,1.44316178
32,47,1.50,2024,0.380667021,1.30765782
32,50,0.35,1933,0.357839936,1.3364775
32,50,0.35,2024,0.368005202,0.983928227
32,50,1.50,1933,0.357839936,1.3364775
32,50,1.50,2024,0.368005202,0.983928227
32,60,0.35,1933,0.24963245,0.742830267
32,60,0.35,2024,0.672752802,1.87419946
32,60,1.50,1933,0.24963245,0.742830267
32,60,1.50,2024,0.672752802,1.87419946
33,41,0.35,1933,1.18772399,2.76746529
33,41,0.35,2024,1.12282467,2.40440569
33,41,1.50,1933,1.18772399,2.76746529
33,41,1.50,2024,1.12282467,2.40440569
33,44,0.35,1933,0.745045796,2.72692761
33,44,0.35,2024,0.712290966,2.31895336
33,44,1.50,1933,0.745045796,2.72692761
33,44,1.50,2024,0.712290966,2.31895336
33,47,0.35,1933,0.47684152,1.78074329
33,47,0.35,2024,0.573387199,2.08662754
33,47,1.50,1933,0.47684152,1.78074329
33,47,1.50,2024,0.573387199,2.08662754
33,48,0.35,1933,0.511834316,1.66045448
33,48,0.35,2024,0.579607514,2.07169474
33,48,1.50,1933,0.511834316,1.66045448
33,48,1.50,2024,0.579607514,2.07169474
33,55,0.35,1933,0.515572699,1.63894306
33,55,0.35,2024,0.501815382,1.72994399
33,55,1.50,1933,0.515572699,1.63894306
33,55,1.50,2024,0.501815382,1.72994399
33,60,0.35,1933,0.436890862,1.56726533
33,60,0.35,2024,0.488945852,1.7910152
33,60,1.50,1933,0.436890862,1.56726533
33,60,1.50,2024,0.488945852,1.7910152
34,45,0.35,1933,0.809852299,3.06905569
34,45,0.35,2024,0.881370535,2.97839901
34,45,1.50,1933,0.809852299,3.06905569
34,45,1.50,2024,0.881370535,2.97839901
34,48,0.35,1933,0.868253097,3.42574154
34,48,0.35,2024,0.825602052,2.89017732
34,48,1.50,1933,0.868253097,3.42574154
34,48,1.50,2024,0.825602052,2.89017732
34,60,0.35,1933,0.608041382,1.98936604
34,60,0.35,2024,0.683043409,2.52898664
34,60,1.50,1933,0.608041382,1.98936604
34,60,1.50,2024,0.683043409,2.52898664
35,40,0.35,1933,1.48602632,3.1580233
35,40,0.35,2024,1.3502479,2.81591358
35,40,1.50,1933,1.48602632,3.1580233
35,40,1.50,2024,1.3502479,2.81591358
35,43,0.35,1933,0.654027631,1.97085936
35,43,0.35,2024,0.664159107,2.04925724
35,43,1.50,1933,0.654027631,1.97085936
35,43,1.50,2024,0.664159107,2.04925724
35,44,0.35,1933,0.615085428,2.10768654
35,44,0.35,2024,0.539704059,1.87986816
35,44,1.50,1933,0.615085428,2.10768654
35,44,1.50,2024,0.539704059,1.87986816
35,45,0.35,1933,0.552457613,1.8324611
35,45,0.35,2024,0.5438389,1.78905182
35,45,1.50,1933,0.552457613,1.8324611
35,45,1.50,2024,0.5438389,1.78905182
35,52,0.35,1933,0.412831089,1.60831796
35,52,0.35,2024,0.503140521,1.52319632
35,52,1.50,1933,0.412831089,1.60831796
35,52,1.50,2024,0.503140521,1.52319632
35,60,0.35,1933,0.320770853,1.13288109
35,60,0.35,2024,0.516906885,1.53505259
35,60,1.50,1933,0.320770853,1.13288109
35,60,1.50,2024,0.516906885,1.53505259
36,47,0.35,1933,0.731554904,3.2032543
36,47,0.35,2024,0.763612843,3.31149182
36,47,1.50,1933,0.731554904,3.2032543
36,47,1.50,2024,0.763612843,3.31149182
36,48,0.35,1933,0.775779632,3.43740302
36,48,0.35,2024,0.722442209,2.37861068
36,48,1.50,1933,0.775779632,3.43740302
36,48,1.50,2024,0.722442209,2.37861068
36,55,0.35,1933,0.730827357,3.14831642
36,55,0.35,2024,0.826011886,2.73367488
36,55,1.50,1933,0.730827357,3.14831642
36,55,1.50,2024,0.826011886,2.73367488
36,60,0.35,1933,0.53734435,2.07572504
36,60,0.35,2024,0.530785591,2.09502752
36,60,1.50,1933,0.53734435,2.07572504
36,60,1.50,2024,0.530785591,2.09502752
37,44,0.35,1933,0.863831148,3.03630982
37,44,0.35,2024,0.858408813,3.4028532
37,44,1.50,1933,0.863831148,3.03630982
37,44,1.50,2024,0.858408813,3.4028532
37,45,0.35,1933,0.92384183,3.52367459
37,45,0.35,2024,0.910056773,3.51870537
37,45,1.50,1933,0.92384183,3.52367459
37,45,1.50,2024,0.910056773,3.51870537
37,52,0.35,1933,0.679434082,2.51119014
37,52,0.35,2024,0.811329606,2.69706816
37,52,1.50,1933,0.679434082,2.51119014
37,52,1.50,2024,0.811329606,2.69706816
37,60,0.35,1933,0.575856504,2.18448426
37,60,0.35,2024,0.627854361,2.500483
37,60,1.50,1933,0.575856504,2.18448426
37,60,1.50,2024,0.627854361,2.500483
38,36,0.35,1933,0.499235253,0.9949709
38,36,0.35,2024,0.280653791,0.658268752
38,36,1.50,1933,0.499235253,0.9949709
38,36,1.50,2024,0.310151025,0.674725753
38,43,0.35,1933,0.488109815,0.994981662
38,43,0.35,2024,0.275025644,0.654294061
38,43,1.50,1933,0.488109815,0.994981662
38,43,1.50,2024,0.413010411,0.792571231
38,47,0.35,1933,0.487245641,0.992160261
38,47,0.35,2024,0.273834064,0.650766814
38,47,1.50,1933,0.487245641,0.992160261
38,47,1.50,2024,0.430572669,0.855388072
38,50,0.35,1933,0.482852807,0.986622466
38,50,0.35,2024,0.270776467,0.650411477
38,50,1.50,1933,0.482852807,0.986622466
38,50,1.50,2024,0.418248849,0.838413463
38,55,0.35,1933,0.475628943,0.977818198
38,55,0.35,2024,0.264512437,0.634581644
38,55,1.50,1933,0.475628943,0.977818198
38,55,1.50,2024,0.39644644,0.805597979
38,60,0.35,1933,0.463637709,0.960238301
38,60,0.35,2024,0.259349678,0.626197131
38,60,1.50,1933,0.463637709,0.960238301
38,60,1.50,2024,0.375024387,0.771714705
39,41,0.35,1933,0.575506368,0.854936366
39,41,0.35,2024,0.528598769,0.932340265
39,41,1.50,1933,0.640701838,0.855887945
39,41,1.50,2024,0.528598769,0.932340265
39,43,0.35,1933,0.573752963,0.862092443
39,43,0.35,2024,0.528915889,0.930531847
39,43,1.50,1933,0.639216386,0.867828546
39,43,1.50,2024,0.528915889,0.930531847
39,45,0.35,1933,0.572763863,0.871403933
39,45,0.35,2024,0.530341068,0.934245011
39,45,1.50,1933,0.637485569,0.878816839
39,45,1.50,2024,0.530341068,0.934245011
39,47,0.35,1933,0.574018839,0.878293054
39,47,0.35,2024,0.530969445,0.933245976
39,47,1.50,1933,0.637858064,0.885204369
39,47,1.50,2024,0.530969445,0.933245976
39,50,0.35,1933,0.575412402,0.885026665
39,50,0.35,2024,0.532670177,0.934866775
39,50,1.50,1933,0.634824517,0.889957674
39,50,1.50,2024,0.532670177,0.934866775
39,60,0.35,1933,0.570485055,0.931320406
39,60,0.35,2024,0.540352728,0.92769813
39,60,1.50,1933,0.611421057,0.931320406
39,60,1.50,2024,0.540352728,0.92769813
40,57,0.35,1933,0.734330899,1.97652061
40,57,0.35,2024,0.763531036,1.87659573
40,57,1.50,1933,1.00900032,2
40,57,1.50,2024,1.15751206,2
40,60,0.35,1933,0.73055195,1.6887754
40,60,0.35,2024,0.890573743,2
40,60,1.50,1933,1.34775612,2
40,60,1.50,2024,1.41875666,2
40,62,0.35,1933,0.71519161,1.69236026
40,62,0.35,2024,0.716524865,1.64096237
40,62,1.50,1933,1.44414053,2
40,62,1.50,2024,1.29378974,2
40,65,0.35,1933,0.715964278,1.722084
40,65,0.35,2024,0.732044641,1.63096051
40,65,1.50,1933,1.07903407,2
40,65,1.50,2024,1.09952645,2
40,69,0.35,1933,0.981180743,2
40,69,0.35,2024,0.863261408,1.87912273
40,69,1.50,1933,1.1897597,2
40,69,1.50,2024,1.2212511,2
40,72,0.35,1933,1.00463304,1.98679858
40,72,0.35,2024,1.03746191,2
40,72,1.50,1933,1.12199412,2
40,72,1.50,2024,1.16054186,2
41,57,0.35,1933,0.770542935,1.90541335
41,57,0.35,2024,0.931081788,2
41,57,1.50,1933,1.08320043,2
41,57,1.50,2024,1.31534825,2
41,60,0.35,1933,0.709063458,1.51426029
41,60,0.35,2024,0.745140358,1.47188904
41,60,1.50,1933,1.09253237,2
41,60,1.50,2024,1.07333546,2
41,65,0.35,1933,0.807053454,1.65677146
41,65,0.35,2024,0.797128114,1.66503066
41,65,1.50,1933,1.21704024,2
41,65,1.50,2024,1.23032866,2
41,72,0.35,1933,0.937906496,1.85044535
41,72,0.35,2024,0.989283018,1.96383918
41,72,1.50,1933,0.98370284,1.90339729
41,72,1.50,2024,1.03695544,2
41,77,0.35,1933,0.789725606,1.39580592
41,77,0.35,2024,0.822487168,1.3556172
41,77,1.50,1933,0.789725606,1.39580592
41,77,1.50,2024,0.825650153,1.3556172
41,83,0.35,1933,0.620439357,1.18881761
41,83,0.35,2024,0.624441626,1.20422792
41,83,1.50,1933,0.620439357,1.18881761
41,83,1.50,2024,0.628379164,1.20422792
42,57,0.35,1933,0.723188616,1.50719371
42,57,0.35,2024,0.797058566,1.59693019
42,57,1.50,1933,0.72666444,1.50719371
42,57,1.50,2024,0.805005929,1.59693019
42,60,0.35,1933,0.782367524,1.62695072
42,60,0.35,2024,0.813221858,1.80719135
42,60,1.50,1933,1.09515924,2
42,60,1.50,2024,1.03934133,2
42,65,0.35,1933,0.664098385,1.47949551
42,65,0.35,2024,0.689091274,1.5200289
42,65,1.50,1933,0.898312115,2
42,65,1.50,2024,0.696416848,1.56986292
42,71,0.35,1933,0.634015626,1.0584889
42,71,0.35,2024,0.666307759,1.26053007
42,71,1.50,1933,0.634015626,1.0584889
42,71,1.50,2024,0.669015347,1.26154555
42,76,0.35,1933,0.591716968,0.940081197
42,76,0.35,2024,0.614259176,0.958440964
42,76,1.50,1933,0.591893725,0.940081197
42,76,1.50,2024,0.614920229,0.958440964
42,83,0.35,1933,0.95397435,1.77257792
42,83,0.35,2024,0.858525393,1.44487801
42,83,1.50,1933,1.00937479,2
42,83,1.50,2024,0.941366781,2
43,57,0.35,1933,0.539200393,1.0872041
43,57,0.35,2024,0.551409831,1.1572463
43,57,1.50,1933,0.570770646,1.12576553
43,57,1.50,2024,0.621173697,1.41033186
43,60,0.35,1933,0.579107918,1.05057411
43,60,0.35,2024,0.610230431,1.07121095
43,60,1.50,1933,0.600487729,1.17073148
43,60,1.50,2024,0.618428674,1.09177739
43,65,0.35,1933,0.636048256,1.394907
43,65,0.35,2024,0.698021043,1.6288856
43,65,1.50,1933,0.837454334,1.78499012
43,65,1.50,2024,1.30797838,2
43,71,0.35,1933,0.601915934,1.06278459
43,71,0.35,2024,0.63952308,1.15773255
43,71,1.50,1933,0.612072106,1.08657292
43,71,1.50,2024,0.65219801,1.20967142
43,76,0.35,1933,0.794258018,1.83171312
43,76,0.35,2024,0.670336091,1.23545641
43,76,1.50,1933,1.1403826,2
43,76,1.50,2024,0.691910823,1.24740737
43,84,0.35,1933,0.253898005,0.862242336
43,84,0.35,2024,0.21562116,0.782771739
43,84,1.50,1933,0.253898005,0.862242336
43,84,1.50,2024,0.21562116,0.782771739
44,57,0.35,1933,0.527299142,1.32504215
44,57,0.35,2024,0.619467335,1.66079013
44,57,1.50,1933,0.903405928,2
44,57,1.50,2024,0.965642868,2
44,60,0.35,1933,0.526991445,1.20720755
44,60,0.35,2024,0.561307048,1.42936702
44,60,1.50,1933,0.526991445,1.20720755
44,60,1.50,2024,0.57535297,1.42936702
44,64,0.35,1933,0.547304193,1.17847421
44,64,0.35,2024,0.566562368,1.23179208
44,64,1.50,1933,0.547304193,1.17847421
44,64,1.50,2024,0.566893046,1.23179208
44,69,0.35,1933,0.739922447,1.9385775
44,69,0.35,2024,0.794214262,2
44,69,1.50,1933,1.04761329,2
44,69,1.50,2024,1.12282442,2
44,72,0.35,1933,0.744034622,1.77691068
44,72,0.35,2024,0.73678528,1.70578185
44,72,1.50,1933,0.83175016,2
44,72,1.50,2024,0.863532962,2
44,77,0.35,1933,0.677243907,1.30850812
44,77,0.35,2024,0.714965489,1.5256396
44,77,1.50,1933,0.689425305,1.34992936
44,77,1.50,2024,0.717308979,1.5256396
45,57,0.35,1933,0.547697986,1.42086529
45,57,0.35,2024,0.596750997,1.53825642
45,57,1.50,1933,0.547697986,1.42086529
45,57,1.50,2024,0.596750997,1.53825642
45,60,0.35,1933,0.516149827,1.38406234
45,60,0.35,2024,0.545609189,1.37706457
45,60,1.50,1933,0.516149827,1.38406234
45,60,1.50,2024,0.545609189,1.37706457
45,65,0.35,1933,0.444059143,1.17586967
45,65,0.35,2024,0.432303353,1.56809803
45,65,1.50,1933,0.444059143,1.17586967
45,65,1.50,2024,0.432303353,1.56809803
45,70,0.35,1933,0.379981944,1.05840083
45,70,0.35,2024,0.348601505,1.2334483
45,70,1.50,1933,0.379981944,1.05840083
45,70,1.50,2024,0.348601505,1.2334483
45,75,0.35,1933,0.340698436,1.31711582
45,75,0.35,2024,0.379672121,1.26523244
45,75,1.50,1933,0.340698436,1.31711582
45,75,1.50,2024,0.379672121,1.26523244
45,83,0.35,1933,0.179795637,0.911889264
45,83,0.35,2024,0.241215207,1.0644031
45,83,1.50,1933,0.179795637,0.911889264
45,83,1.50,2024,0.241215207,1.0644031
46,45,0.35,1933,0.903865902,2.48955611
46,45,0.35,2024,0.927065575,2.16738764
46,45,1.50,1933,0.903865902,2.48955611
46,45,1.50,2024,0.927065575,2.16738764
46,60,0.35,1933,0.512218813,1.33333015
46,60,0.35,2024,0.496109826,1.46478564
46,60,1.50,1933,0.512218813,1.33333015
46,60,1.50,2024,0.496109826,1.46478564
46,64,0.35,1933,0.508766481,1.35679541
46,64,0.35,2024,0.592740552,1.54684194
46,64,1.50,1933,0.508766481,1.35679541
46,64,1.50,2024,0.592740552,1.54684194
46,69,0.35,1933,0.530206483,1.186875
46,69,0.35,2024,0.439201561,1.34180319
46,69,1.50,1933,0.530206483,1.186875
46,69,1.50,2024,0.439201561,1.34180319
46,74,0.35,1933,0.49545242,1.24406168
46,74,0.35,2024,0.416641042,1.20201627
46,74,1.50,1933,0.49545242,1.24406168
46,74,1.50,2024,0.416641042,1.20201627
46,83,0.35,1933,0.230969088,1.1008888
46,83,0.35,2024,0.326924304,1.11147959
46,83,1.50,1933,0.230969088,1.1008888
46,83,1.50,2024,0.326924304,1.11147959
47,48,0.35,1933,0.32980488,0.755810148
47,48,0.35,2024,0.345866623,0.761883893
47,48,1.50,1933,0.32980488,0.755810148
47,48,1.50,2024,0.345866623,0.761883893
47,60,0.35,1933,0.329295545,0.7399494
47,60,0.35,2024,0.345179127,0.757428835
47,60,1.50,1933,0.329295545,0.7399494
47,60,1.50,2024,0.345179127,0.757428835
48,50,0.35,1933,0.267791174,0.589774495
48,50,0.35,2024,0.493525829,1.07040326
48,50,1.50,1933,0.345945618,1.03334027
48,50,1.50,2024,0.558969261,1.46909651
48,59,0.35,1933,0.219949615,0.608391849
48,59,0.35,2024,0.494452294,1.00350155
48,59,1.50,1933,0.346450727,0.925552588
48,59,1.50,2024,0.502456578,1.0825125
48,60,0.35,1933,0.198692566,0.504726338
48,60,0.35,2024,0.485010626,0.929446173
48,60,1.50,1933,0.346531459,0.888737447
48,60,1.50,2024,0.491233685,1.11910922
48,67,0.35,1933,0.180869552,0.459095201
48,67,0.35,2024,0.345789428,0.742572612
48,67,1.50,1933,0.312062222,0.736922578
48,67,1.50,2024,0.359094712,1.01627002
48,74,0.35,1933,0.155870795,0.376602737
48,74,0.35,2024,0.211088696,0.565792575
48,74,1.50,1933,0.350476979,0.854758548
48,74,1.50,2024,0.375855695,1.04659999
48,82,0.35,1933,0.194731732,0.528085367
48,82,0.35,2024,0.203604703,0.428091325
48,82,1.50,1933,0.351361927,0.955738609
48,82,1.50,2024,0.273884219,0.757350368
49,53,0.35,1933,0.167717591,0.42704969
49,53,0.35,2024,0.3928789,0.83060188
49,53,1.50,1933,0.392497787,0.913512393
49,53,1.50,2024,0.447643627,1.2969466
49,60,0.35,1933,0.139582203,0.334684909
49,60,0.35,2024,0.271076375,0.787054818
49,60,1.50,1933,0.436467215,1.04018059
49,60,1.50,2024,0.38083962,1.03913408
49,62,0.35,1933,0.157585111,0.385696341
49,62,0.35,2024,0.242666931,0.781783059
49,62,1.50,1933,0.436480282,1.03051349
49,62,1.50,2024,0.377160801,1.09707104
49,69,0.35,1933,0.156082591,0.395993508
49,69,0.35,2024,0.209606416,0.475347919
49,69,1.50,1933,0.455325246,1.09988998
49,69,1.50,2024,0.322118777,0.877753856
49,76,0.35,1933,0.231104592,0.573375599
49,76,0.35,2024,0.128683232,0.330320899
49,76,1.50,1933,0.302223504,0.747566852
49,76,1.50,2024,0.330813699,1.06154732
49,82,0.35,1933,0.174393702,0.459624062
49,82,0.35,2024,0.127488634,0.353915247
49,82,1.50,1933,0.353198206,0.922266548
49,82,1.50,2024,0.247245448,0.768001316
50,50,0.35,1933,0.274607683,0.82607937
50,50,0.35,2024,0.430612148,1.04717647
50,50,1.50,1933,0.339696732,0.872170658
50,50,1.50,2024,0.442520212,1.38550813
50,60,0.35,1933,0.310767517,0.774071509
50,60,0.35,2024,0.459874474,1.24187244
50,60,1.50,1933,0.34316305,0.894210777
50,60,1.50,2024,0.459874474,1.24187244
50,67,0.35,1933,0.286975503,0.744334746
50,67,0.35,2024,0.391932127,1.07199822
50,67,1.50,1933,0.303702816,0.760615746
50,67,1.50,2024,0.391932127,1.16101831
50,74,0.35,1933,0.222679246,0.677780629
50,74,0.35,2024,0.330756361,1.06465591
50,74,1.50,1933,0.370277916,1.02243123
50,74,1.50,2024,0.330756361,1.06465591
50,81,0.35,1933,0.182032979,0.562255448
50,81,0.35,2024,0.274810846,0.966838917
50,81,1.50,1933,0.323941109,0.818816598
50,81,1.50,2024,0.275038261,0.966838917
51,50,0.35,1933,0.28860769,0.985471198
51,50,0.35,2024,0.523189706,1.54442022
51,50,1.50,1933,0.325549748,0.985471198
51,50,1.50,2024,0.536749336,1.54442022
51,60,0.35,1933,0.300333936,1.10265752
51,60,0.35,2024,0.431925647,1.02296897
51,60,1.50,1933,0.374148781,1.21226342
51,60,1.50,2024,0.431925647,1.47752676
51,67,0.35,1933,0.276223724,1.01980314
51,67,0.35,2024,0.305180608,1.00932384
51,67,1.50,1933,0.411345866,1.01980314
51,67,1.50,2024,0.383990352,1.13060214
51,76,0.35,1933,0.233939615,0.665625021
51,76,0.35,2024,0.323749251,0.894932918
51,76,1.50,1933,0.397491469,1.25851995
51,76,1.50,2024,0.38171165,1.0849065
51,82,0.35,1933,0.286036071,0.842983449
51,82,0.35,2024,0.25830219,1.12906187
51,82,1.50,1933,0.30354891,0.973182463
51,82,1.50,2024,0.343313852,1.12906187
52,50,0.35,1933,0.109012989,0.262293539
52,50,0.35,2024,0.136776655,0.339405594
52,50,1.50,1933,0.14470017,0.356921291
52,50,1.50,2024,0.207180723,0.474046737
52,60,0.35,1933,0.247506799,0.538539333
52,60,0.35,2024,0.414660904,0.980615108
52,60,1.50,1933,0.404737093,0.889381967
52,60,1.50,2024,0.482146243,0.980615108
52,67,0.35,1933,0.41396304,0.832561504
52,67,0.35,2024,0.493599875,0.921712795
52,67,1.50,1933,0.41396304,0.832561504
52,67,1.50,2024,0.50813904,0.921712795
52,72,0.35,1933,1.01757616,2
52,72,0.35,2024,1.09718669,2
52,72,1.50,1933,1.19953237,2
52,72,1.50,2024,1.2835635,2
52,79,0.35,1933,0.348998145,0.745166118
52,79,0.35,2024,0.270494447,0.503848466
52,79,1.50,1933,0.415605464,0.780054941
52,79,1.50,2024,0.46333776,0.870077388
53,50,0.35,1933,0.324398994,0.605773557
53,50,0.35,2024,0.351625808,0.793138358
53,50,1.50,1933,0.337601793,0.696005221
53,50,1.50,2024,0.507166507,0.961116335
53,60,0.35,1933,0.586648325,0.990627854
53,60,0.35,2024,0.819600926,1.40781813
53,60,1.50,1933,0.694410929,1.25430965
53,60,1.50,2024,0.819636345,1.40781813
53,67,0.35,1933,1.5279986,2
53,67,0.35,2024,1.63600913,2
53,67,1.50,1933,1.54170393,2
53,67,1.50,2024,1.6681184,2
53,72,0.35,1933,0.316946547,0.605845935
53,72,0.35,2024,0.368531662,0.707605742
53,72,1.50,1933,0.412491166,0.696008871
53,72,1.50,2024,0.478294546,0.808351181
53,79,0.35,1933,0.247402344,0.488747304
53,79,0.35,2024,0.174926898,0.344046833
53,79,1.50,1933,0.296014881,0.557114073
53,79,1.50,2024,0.355729503,0.5909799
54,53,0.35,1933,0.0995157108,0.2080901
54,53,0.35,2024,0.0999802412,0.202332273
54,53,1.50,1933,0.0996756624,0.209629963
54,53,1.50,2024,0.100143185,0.203589971
54,60,0.35,1933,0.319944817,0.590396497
54,60,0.35,2024,0.275368797,0.542960493
54,60,1.50,1933,0.320281518,0.592996115
54,60,1.50,2024,0.281520132,0.546115105
54,62,0.35,1933,0.175106678,0.36968007
54,62,0.35,2024,0.171563407,0.362411508
54,62,1.50,1933,0.175106678,0.370894059
54,62,1.50,2024,0.172467276,0.363664444
54,67,0.35,1933,0.276155854,0.413850309
54,67,0.35,2024,0.300936096,0.450004764
54,67,1.50,1933,0.276649936,0.414680967
54,67,1.50,2024,0.300962382,0.451146045
54,72,0.35,1933,0.95854307,1.46721263
54,72,0.35,2024,0.799857519,1.27212632
54,72,1.50,1933,0.958942215,1.46845696
54,72,1.50,2024,0.822016932,1.27291684
54,79,0.35,1933,0.0658142071,0.110659292
54,79,0.35,2024,0.077210671,0.127747868
54,79,1.50,1933,0.065900551,0.11121993
54,79,1.50,2024,0.0772483431,0.128098271
55,60,0.35,1933,0.279894908,0.77251886
55,60,0.35,2024,0.375719071,1.07400473
55,60,1.50,1933,0.279894908,0.77251886
55,60,1.50,2024,0.375719071,1.07400473
56,60,0.35,1933,0.781780294,1.1381941
56,60,0.35,2024,0.797688166,1.14762905
56,60,1.50,1933,0.784109692,1.1381941
56,60,1.50,2024,0.797688166,1.1797653
56,71,0.35,1933,0.505526439,0.902485627
56,71,0.35,2024,0.510247918,0.916722972
56,71,1.50,1933,0.505629272,0.904064059
56,71,1.50,2024,0.510535166,0.923293206
56,74,0.35,1933,0.52343643,0.934069147
56,74,0.35,2024,0.529592083,0.942111532
56,74,1.50,1933,0.523690213,0.941897524
56,74,1.50,2024,0.529592083,0.952045448
56,79,0.35,1933,0.53660001,0.957572972
56,79,0.35,2024,0.543903292,0.980085095
56,79,1.50,1933,0.536764585,0.957668706
56,79,1.50,2024,0.544021379,0.980085095
56,81,0.35,1933,0.534246358,0.950572039
56,81,0.35,2024,0.542460288,0.969776898
56,81,1.50,1933,0.534337338,0.954688101
56,81,1.50,2024,0.542506771,0.969784727
56,83,0.35,1933,0.54032314,0.948877637
56,83,0.35,2024,0.547646203,0.961641184
56,83,1.50,1933,0.540367684,0.952334762
56,83,1.50,2024,0.547789696,0.966986835
57,60,0.35,1933,0.735344506,1.23835934
57,60,0.35,2024,0.756638885,1.35318482
57,60,1.50,1933,0.768896646,1.23835934
57,60,1.50,2024,0.777455731,1.35318482
57,74,0.35,1933,0.514648058,0.919005504
57,74,0.35,2024,0.522086605,0.933008717
57,74,1.50,1933,0.514887165,0.920663773
57,74,1.50,2024,0.522086605,0.933712642
57,78,0.35,1933,0.521873328,0.926036395
57,78,0.35,2024,0.529009468,0.954708114
57,78,1.50,1933,0.522120242,0.938683696
57,78,1.50,2024,0.529402717,0.954708114
57,79,0.35,1933,0.526918133,0.927590423
57,79,0.35,2024,0.534744839,0.948144498
57,79,1.50,1933,0.527028772,0.936293325
57,79,1.50,2024,0.534841699,0.95404145
57,81,0.35,1933,0.524168733,0.926811154
57,81,0.35,2024,0.532246259,0.945151503
57,81,1.50,1933,0.52423198,0.930542328
57,81,1.50,2024,0.532302544,0.95108911
57,83,0.35,1933,0.529976736,0.925300427
57,83,0.35,2024,0.538189325,0.938891167
57,83,1.50,1933,0.530183051,0.925300427
57,83,1.50,2024,0.538189325,0.943066085
58,55,0.35,1933,0.763115001,1.03373104
58,55,0.35,2024,0.774231268,1.07658212
58,55,1.50,1933,0.763547038,1.08946194
58,55,1.50,2024,0.774231268,1.13458817
58,60,0.35,1933,0.755576502,1.03097263
58,60,0.35,2024,0.768806283,1.04400107
58,60,1.50,1933,0.755576502,1.03097263
58,60,1.50,2024,0.768806283,1.05466684
58,62,0.35,1933,0.751172157,1.00241634
58,62,0.35,2024,0.761971892,1.0739493
58,62,1.50,1933,0.751172157,1.00241634
58,62,1.50,2024,0.761971892,1.0739493
58,71,0.35,1933,0.723656787,0.900508963
58,71,0.35,2024,0.73469607,0.934478382
58,71,1.50,1933,0.723866722,0.900508963
58,71,1.50,2024,0.73469607,0.934478382
58,78,0.35,1933,0.50446621,0.895618472
58,78,0.35,2024,0.513461524,0.911902067
58,78,1.50,1933,0.504789453,0.897767087
58,78,1.50,2024,0.5135091,0.912560551
58,83,0.35,1933,0.512120062,0.901590846
58,83,0.35,2024,0.521108868,0.905934705
58,83,1.50,1933,0.51237058,0.901590846
58,83,1.50,2024,0.521186895,0.912637646
59,55,0.35,1933,0.70473775,1.10586421
59,55,0.35,2024,0.704958413,1.17761098
59,55,1.50,1933,0.70473775,1.15200787
59,55,1.50,2024,0.705224551,1.18722646
59,60,0.35,1933,0.68983168,1.06863152
59,60,0.35,2024,0.704253225,1.07981778
59,60,1.50,1933,0.689894848,1.07452817
59,60,1.50,2024,0.704253225,1.12160632
59,62,0.35,1933,0.693709501,1.29657577
59,62,0.35,2024,0.688290695,1.26730073
59,62,1.50,1933,0.693709501,1.29657577
59,62,1.50,2024,0.694418722,1.26730073
59,71,0.35,1933,0.448135916,0.820426768
59,71,0.35,2024,0.453708651,0.814878303
59,71,1.50,1933,0.448197298,0.820426768
59,71,1.50,2024,0.453761078,0.814878303
59,81,0.35,1933,0.47156654,0.83211812
59,81,0.35,2024,0.478937542,0.847381422
59,81,1.50,1933,0.471679682,0.834767618
59,81,1.50,2024,0.478973734,0.851582412
59,86,0.35,1933,0.470600822,0.83725935
59,86,0.35,2024,0.478008457,0.844665267
59,86,1.50,1933,0.470683212,0.838485669
59,86,1.50,2024,0.478074176,0.846222713
60,55,0.35,1933,0.762486856,1.04031409
60,55,0.35,2024,0.763969397,1.04460322
60,55,1.50,1933,0.762486856,1.06484563
60,55,1.50,2024,0.773419856,1.10285949
60,60,0.35,1933,0.748468291,1.06153061
60,60,0.35,2024,0.746647513,1.12813865
60,60,1.50,1933,0.748468291,1.06153061
60,60,1.50,2024,0.752568835,1.12813865
60,62,0.35,1933,0.741394983,1.07008953
60,62,0.35,2024,0.74919205,1.2312689
60,62,1.50,1933,0.741470592,1.07008953
60,62,1.50,2024,0.751470363,1.2312689
60,71,0.35,1933,0.711561699,0.91846786
60,71,0.35,2024,0.723847409,0.975956039
60,71,1.50,1933,0.711561699,0.91846786
60,71,1.50,2024,0.723847409,0.975956039
60,81,0.35,1933,0.51339499,0.897140013
60,81,0.35,2024,0.521356482,0.914467051
60,81,1.50,1933,0.513419576,0.899331802
60,81,1.50,2024,0.521387075,0.917301908
60,86,0.35,1933,0.51202957,0.91089558
60,86,0.35,2024,0.520158228,0.920417313
60,86,1.50,1933,0.51208922,0.911885926
60,86,1.50,2024,0.520207273,0.923526489
61,55,0.35,1933,0.746239362,1.12119898
61,55,0.35,2024,0.757941899,1.20665694
61,55,1.50,1933,0.752412894,1.18031068
61,55,1.50,2024,0.757941899,1.23286618
61,60,0.35,1933,0.689296774,1.21650244
61,60,0.35,2024,0.742027799,1.16062399
61,60,1.50,1933,0.738469392,1.21650244
61,60,1.50,2024,0.749712871,1.16062399
61,62,0.35,1933,0.401387972,1.01012607
61,62,0.35,2024,0.390240496,1.07220598
61,62,1.50,1933,0.404652064,1.01012607
61,62,1.50,2024,0.392326102,1.07220598
61,71,0.35,1933,0.475598914,0.876006918
61,71,0.35,2024,0.483813208,0.890303317
61,71,1.50,1933,0.476716961,0.90723829
61,71,1.50,2024,0.48403532,0.905330773
61,83,0.35,1933,0.507743915,0.931003715
61,83,0.35,2024,0.51748354,0.94600379
61,83,1.50,1933,0.508200419,0.938986845
61,83,1.50,2024,0.518484477,0.950620262
61,90,0.35,1933,0.500893974,0.936648842
61,90,0.35,2024,0.510997004,0.940809787
61,90,1.50,1933,0.501232642,0.942745091
61,90,1.50,2024,0.511992386,0.953760868
62,55,0.35,1933,0.431137783,0.899489184
62,55,0.35,2024,0.352207304,0.700304064
62,55,1.50,1933,0.468596179,0.899489184
62,55,1.50,2024,0.46976211,0.851807372
62,60,0.35,1933,0.416498297,0.888055723
62,60,0.35,2024,0.387185695,0.742698289
62,60,1.50,1933,0.458698618,0.888055723
62,60,1.50,2024,0.461126452,0.842286794
62,62,0.35,1933,0.412077534,0.878982867
62,62,0.35,2024,0.406968168,0.770701367
62,62,1.50,1933,0.455284791,0.878982867
62,62,1.50,2024,0.459857686,0.834253103
62,71,0.35,1933,0.375935339,0.846961976
62,71,0.35,2024,0.441380438,0.822831817
62,71,1.50,1933,0.431668054,0.846961976
62,71,1.50,2024,0.441380438,0.822831817
62,79,0.35,1933,0.332075757,0.809477951
62,79,0.35,2024,0.417994064,0.805906882
62,79,1.50,1933,0.405702481,0.809477951
62,79,1.50,2024,0.417994064,0.805906882
62,83,0.35,1933,0.380013216,0.800459004
62,83,0.35,2024,0.401186257,0.796008529
62,83,1.50,1933,0.388642935,0.800459004
62,83,1.50,2024,0.401186257,0.796008529
63,60,0.35,1933,0.465544813,0.895404015
63,60,0.35,2024,0.444040814,0.967175476
63,60,1.50,1933,0.547696703,0.905611988
63,60,1.50,2024,0.548127863,0.967175476
63,67,0.35,1933,0.532163078,0.896252239
63,67,0.35,2024,0.412246553,0.961207705
63,67,1.50,1933,0.537105507,0.896252239
63,67,1.50,2024,0.53698456,0.961207705
63,74,0.35,1933,0.521481124,0.896783724
63,74,0.35,2024,0.454430757,0.945869561
63,74,1.50,1933,0.521481124,0.896783724
63,74,1.50,2024,0.520947185,0.945869561
63,83,0.35,1933,0.487269493,0.885102284
63,83,0.35,2024,0.486898102,0.927695071
63,83,1.50,1933,0.487269493,0.885102284
63,83,1.50,2024,0.486898102,0.927695071
63,86,0.35,1933,0.470710098,0.884074338
63,86,0.35,2024,0.469793643,0.913192302
63,86,1.50,1933,0.470710098,0.884074338
63,86,1.50,2024,0.469793643,0.913192302
63,91,0.35,1933,0.423872639,0.877936254
63,91,0.35,2024,0.427587967,0.886957577
63,91,1.50,1933,0.423872639,0.877936254
63,91,1.50,2024,0.427587967,0.886957577
64,60,0.35,1933,0.9,0.9
64,60,0.35,2024,0.9,0.9
64,60,1.50,1933,0.9,0.9
64,60,1.50,2024,0.9,0.9
64,74,0.35,1933,0.9,0.9
64,74,0.35,2024,0.9,0.9
64,74,1.50,1933,0.9,0.9
64,74,1.50,2024,0.9,0.9
64,76,0.35,1933,0.9,0.9
64,76,0.35,2024,0.9,0.9
64,76,1.50,1933,0.9,0.9
64,76,1.50,2024,0.9,0.9
64,77,0.35,1933,0.9,0.9
64,77,0.35,2024,0.9,0.9
64,77,1.50,1933,0.9,0.9
64,77,1.50,2024,0.9,0.9
64,79,0.35,1933,0.9,0.9
64,79,0.35,2024,0.9,0.9
64,79,1.50,1933,0.9,0.9
64,79,1.50,2024,0.9,0.9
64,81,0.35,1933,0.9,0.9
64,81,0.35,2024,0.9,0.9
64,81,1.50,1933,0.9,0.9
64,81,1.50,2024,0.9,0.9
65,60,0.35,1933,0.9,0.9
65,60,0.35,2024,0.9,0.9
65,60,1.50,1933,0.9,0.9
65,60,1.50,2024,0.9,0.9
65,71,0.35,1933,0.9,0.9
65,71,0.35,2024,0.9,0.9
65,71,1.50,1933,0.9,0.9
65,71,1.50,2024,0.9,0.9
65,74,0.35,1933,0.9,0.9
65,74,0.35,2024,0.9,0.9
65,74,1.50,1933,0.9,0.9
65,74,1.50,2024,0.9,0.9
65,76,0.35,1933,0.9,0.9
65,76,0.35,2024,0.9,0.9
65,76,1.50,1933,0.9,0.9
65,76,1.50,2024,0.9,0.9
65,77,0.35,1933,0.9,0.9
65,77,0.35,2024,0.9,0.9
65,77,1.50,1933,0.9,0.9
65,77,1.50,2024,0.9,0.9
65,81,0.35,1933,0.9,0.9
65,81,0.35,2024,0.9,0.9
65,81,1.50,1933,0.9,0.9
65,81,1.50,2024,0.9,0.9
66,60,0.35,1933,0.95,0.95
66,60,0.35,2024,0.95,0.95
66,60,1.50,1933,0.95,0.95
66,60,1.50,2024,0.95,0.95
66,68,0.35,1933,0.95,0.95
66,68,0.35,2024,0.95,0.95
66,68,1.50,1933,0.95,0.95
66,68,1.50,2024,0.95,0.95
66,71,0.35,1933,0.95,0.95
66,71,0.35,2024,0.95,0.95
66,71,1.50,1933,0.95,0.95
66,71,1.50,2024,0.95,0.95
66,72,0.35,1933,0.95,0.95
66,72,0.35,2024,0.95,0.95
66,72,1.50,1933,0.95,0.95
66,72,1.50,2024,0.95,0.95
66,74,0.35,1933,0.95,0.95
66,74,0.35,2024,0.95,0.95
66,74,1.50,1933,0.95,0.95
66,74,1.50,2024,0.95,0.95
66,77,0.35,1933,0.95,0.95
66,77,0.35,2024,0.95,0.95
66,77,1.50,1933,0.95,0.95
66,77,1.50,2024,0.95,0.95
67,60,0.35,1933,1,1
67,60,0.35,2024,1,1
67,60,1.50,1933,1,1
67,60,1.50,2024,1,1
67,69,0.35,1933,1,1
67,69,0.35,2024,1,1
67,69,1.50,1933,1,1
67,69,1.50,2024,1,1
67,71,0.35,1933,1,1
67,71,0.35,2024,1,1
67,71,1.50,1933,1,1
67,71,1.50,2024,1,1
67,72,0.35,1933,1,1
67,72,0.35,2024,1,1
67,72,1.50,1933,1,1
67,72,1.50,2024,1,1
67,76,0.35,1933,1,1
67,76,0.35,2024,1,1
67,76,1.50,1933,1,1
67,76,1.50,2024,1,1
67,77,0.35,1933,1,1
67,77,0.35,2024,1,1
67,77,1.50,1933,1,1
67,77,1.50,2024,1,1
68,60,0.35,1933,0.87472472,1.09867459
68,60,0.35,2024,0.873993725,1.11113251
68,60,1.50,1933,0.875141809,1.10971332
68,60,1.50,2024,0.875495067,1.11113251
68,71,0.35,1933,0.894462446,1.1104922
68,71,0.35,2024,0.893600359,1.10987206
68,71,1.50,1933,0.894462446,1.1104922
68,71,1.50,2024,0.893600359,1.10987206
68,74,0.35,1933,0.898427954,1.09843071
68,74,0.35,2024,0.900871835,1.11045698
68,74,1.50,1933,0.898427954,1.09843071
68,74,1.50,2024,0.900871835,1.11045698
68,76,0.35,1933,0.91171023,1.12112652
68,76,0.35,2024,0.9143906,1.12108968
68,76,1.50,1933,0.91171023,1.12112652
68,76,1.50,2024,0.9143906,1.12108968
68,77,0.35,1933,0.916473543,1.12065185
68,77,0.35,2024,0.915780479,1.12158397
68,77,1.50,1933,0.916473543,1.12065185
68,77,1.50,2024,0.915780479,1.12158397
68,81,0.35,1933,0.905102247,1.10641842
68,81,0.35,2024,0.90549442,1.0913055
68,81,1.50,1933,0.905102247,1.10641842
68,81,1.50,2024,0.90549442,1.0913055
69,60,0.35,1933,0.917769014,1.13643076
69,60,0.35,2024,0.930946705,1.15908858
69,60,1.50,1933,0.92880481,1.14369309
69,60,1.50,2024,0.930946705,1.15908858
69,74,0.35,1933,0.953576099,1.12990137
69,74,0.35,2024,0.962776247,1.16187931
69,74,1.50,1933,0.957471512,1.13076982
69,74,1.50,2024,0.962776247,1.16187931
69,76,0.35,1933,0.95442645,1.14250412
69,76,0.35,2024,0.954876679,1.14393343
69,76,1.50,1933,0.95442645,1.14250412
69,76,1.50,2024,0.954876679,1.14393343
69,77,0.35,1933,0.950467915,1.12450317
69,77,0.35,2024,0.950277009,1.13884219
69,77,1.50,1933,0.950467915,1.12450317
69,77,1.50,2024,0.950277009,1.13884219
69,79,0.35,1933,0.956089708,1.14930025
69,79,0.35,2024,0.956641277,1.14494059
69,79,1.50,1933,0.956089708,1.14930025
69,79,1.50,2024,0.956641277,1.14494059
69,81,0.35,1933,0.972016989,1.13322469
69,81,0.35,2024,0.976737486,1.17198308
69,81,1.50,1933,0.972016989,1.13322469
69,81,1.50,2024,0.976737486,1.17198308
70,60,0.35,1933,0.945619888,1.23505826
70,60,0.35,2024,0.976895858,1.22331482
70,60,1.50,1933,0.960764068,1.23505826
70,60,1.50,2024,0.976895858,1.22331482
70,69,0.35,1933,0.977896495,1.22905493
70,69,0.35,2024,0.990527181,1.20585433
70,69,1.50,1933,0.978467043,1.22905493
70,69,1.50,2024,0.990527181,1.20585433
70,71,0.35,1933,0.995155174,1.24031591
70,71,0.35,2024,0.992107637,1.23695313
70,71,1.50,1933,0.995155174,1.24031591
70,71,1.50,2024,0.992107637,1.23695313
70,72,0.35,1933,0.993409912,1.25070981
70,72,0.35,2024,1.00135523,1.26662552
70,72,1.50,1933,0.993409912,1.25070981
70,72,1.50,2024,1.00135523,1.26662552
70,76,0.35,1933,0.938564123,1.14242284
70,76,0.35,2024,0.938213212,1.14262249
70,76,1.50,1933,0.938564123,1.14242284
70,76,1.50,2024,0.938213212,1.14262249
70,77,0.35,1933,0.929970515,1.11942253
70,77,0.35,2024,0.929873297,1.14066032
70,77,1.50,1933,0.929970515,1.11942253
70,77,1.50,2024,0.929873297,1.14066032
71,60,0.35,1933,0.893583028,0.899998955
71,60,0.35,2024,0.89434868,0.899999552
71,60,1.50,1933,0.898934459,0.899999999
71,60,1.50,2024,0.899192517,0.9
71,69,0.35,1933,0.89668345,0.899999464
71,69,0.35,2024,0.896940466,0.899999779
71,69,1.50,1933,0.899038988,0.9
71,69,1.50,2024,0.899116792,0.9
71,71,0.35,1933,0.896207714,0.899999027
71,71,0.35,2024,0.897035773,0.89999961
71,71,1.50,1933,0.898708114,0.899999999
71,71,1.50,2024,0.898828806,0.9
71,72,0.35,1933,0.895954136,0.899999121
71,72,0.35,2024,0.896252756,0.899999583
71,72,1.50,1933,0.898880891,0.899999999
71,72,1.50,2024,0.89865421,0.9
71,76,0.35,1933,0.894427898,0.899995085
71,76,0.35,2024,0.895469492,0.899997701
71,76,1.50,1933,0.897470613,0.899999927
71,76,1.50,2024,0.897803427,0.899999973
71,77,0.35,1933,0.89440269,0.899992413
71,77,0.35,2024,0.895148132,0.899996722
71,77,1.50,1933,0.89715253,0.899999825
71,77,1.50,2024,0.897542814,0.899999933
72,60,0.35,1933,0.0839940018,0.31526081
72,60,0.35,2024,0.0867279062,0.311731295
72,60,1.50,1933,0.0839940018,0.31526081
72,60,1.50,2024,0.0867279062,0.311731295
72,72,0.35,1933,0.0768343346,0.283269716
72,72,0.35,2024,0.0808843608,0.297681922
72,72,1.50,1933,0.0768343346,0.283269716
72,72,1.50,2024,0.0808843608,0.297681922
72,74,0.35,1933,0.0730380716,0.275335155
72,74,0.35,2024,0.0771592958,0.284092515
72,74,1.50,1933,0.0730380716,0.275335155
72,74,1.50,2024,0.0771592958,0.284092515
72,76,0.35,1933,0.0686128112,0.264965155
72,76,0.35,2024,0.072773036,0.277607233
72,76,1.50,1933,0.0686128112,0.264965155
72,76,1.50,2024,0.072773036,0.277607233
72,79,0.35,1933,0.0613059508,0.250615659
72,79,0.35,2024,0.0652483613,0.262480261
72,79,1.50,1933,0.0613059508,0.250615659
72,79,1.50,2024,0.0652483613,0.262480261
73,60,0.35,1933,0.0780677934,0.288701894
73,60,0.35,2024,0.0808714038,0.299872131
73,60,1.50,1933,0.0780677934,0.288701894
73,60,1.50,2024,0.0808714038,0.299872131
73,69,0.35,1933,0.0668461669,0.271930472
73,69,0.35,2024,0.069915314,0.280734364
73,69,1.50,1933,0.0668461669,0.271930472
73,69,1.50,2024,0.069915314,0.280734364
73,74,0.35,1933,0.0577614496,0.241979757
73,74,0.35,2024,0.0601067415,0.255137595
73,74,1.50,1933,0.0577614496,0.241979757
73,74,1.50,2024,0.0601067415,0.255137595
73,77,0.35,1933,0.0532407806,0.230413556
73,77,0.35,2024,0.0546741494,0.242614619
73,77,1.50,1933,0.0532407806,0.230413556
73,77,1.50,2024,0.0546741494,0.242614619
73,79,0.35,1933,0.0509515171,0.222847069
73,79,0.35,2024,0.051907284,0.235094769
73,79,1.50,1933,0.0509515171,0.222847069
73,79,1.50,2024,0.051907284,0.235094769
73,83,0.35,1933,0.0492657207,0.202661914
73,83,0.35,2024,0.0490961671,0.210363414
73,83,1.50,1933,0.0492657207,0.202661914
73,83,1.50,2024,0.0490961671,0.210363414
74,60,0.35,1933,0.0846366694,0.304701836
74,60,0.35,2024,0.0874567985,0.313836547
74,60,1.50,1933,0.0846366694,0.304701836
74,60,1.50,2024,0.0874567985,0.313836547
74,74,0.35,1933,0.066431682,0.263031579
74,74,0.35,2024,0.069621216,0.272753117
74,74,1.50,1933,0.066431682,0.263031579
74,74,1.50,2024,0.069621216,0.272753117
74,76,0.35,1933,0.061925558,0.253598017
74,76,0.35,2024,0.0648530522,0.263254583
74,76,1.50,1933,0.061925558,0.253598017
74,76,1.50,2024,0.0648530522,0.263254583
74,79,0.35,1933,0.0555826988,0.238728374
74,79,0.35,2024,0.0578407128,0.24984077
74,79,1.50,1933,0.0555826988,0.238728374
74,79,1.50,2024,0.0578407128,0.24984077
75,60,0.35,1933,0.0737775218,0.314728948
75,60,0.35,2024,0.0766169396,0.322195204
75,60,1.50,1933,0.0737775218,0.314728948
75,60,1.50,2024,0.0766169396,0.322195204
75,72,0.35,1933,0.0580123084,0.268013583
75,72,0.35,2024,0.059770798,0.295519115
75,72,1.50,1933,0.0580123084,0.268013583
75,72,1.50,2024,0.059770798,0.295519115
75,74,0.35,1933,0.0558788376,0.265312971
75,74,0.35,2024,0.0564079414,0.277296009
75,74,1.50,1933,0.0558788376,0.265312971
75,74,1.50,2024,0.0564079414,0.277296009
75,76,0.35,1933,0.0530524058,0.257730908
75,76,0.35,2024,0.0539893843,0.278997171
75,76,1.50,1933,0.0530524058,0.257730908
75,76,1.50,2024,0.0539893843,0.278997171
75,79,0.35,1933,0.0517172749,0.227090222
75,79,0.35,2024,0.0513483845,0.234782312
75,79,1.50,1933,0.0517172749,0.227090222
75,79,1.50,2024,0.0513483845,0.234782312
76,60,0.35,1933,0.0634175508,0.2599909
76,60,0.35,2024,0.0653311839,0.278261773
76,60,1.50,1933,0.0634175508,0.2599909
76,60,1.50,2024,0.0653311839,0.278261773
76,72,0.35,1933,0.0541685634,0.225516003
76,72,0.35,2024,0.0548253559,0.255259695
76,72,1.50,1933,0.0541685634,0.225516003
76,72,1.50,2024,0.0548253559,0.255259695
76,74,0.35,1933,0.0535500674,0.223236246
76,74,0.35,2024,0.0537395123,0.233719124
76,74,1.50,1933,0.0535500674,0.223236246
76,74,1.50,2024,0.0537395123,0.233719124
76,76,0.35,1933,0.05282421,0.222269149
76,76,0.35,2024,0.0530865232,0.213983364
76,76,1.50,1933,0.05282421,0.222269149
76,76,1.50,2024,0.0530865232,0.213983364
77,60,0.35,1933,0.063649079,0.279767588
77,60,0.35,2024,0.0657952676,0.290633189
77,60,1.50,1933,0.063649079,0.279767588
77,60,1.50,2024,0.0657952676,0.290633189
77,72,0.35,1933,0.0534160501,0.252629653
77,72,0.35,2024,0.0539517285,0.255860601
77,72,1.50,1933,0.0534160501,0.252629653
77,72,1.50,2024,0.0539517285,0.255860601
77,76,0.35,1933,0.0513628583,0.219158301
77,76,0.35,2024,0.0516556454,0.228263598
77,76,1.50,1933,0.0513628583,0.219158301
77,76,1.50,2024,0.0516556454,0.228263598
77,79,0.35,1933,0.050863638,0.207937684
77,79,0.35,2024,0.0507911316,0.216088814
77,79,1.50,1933,0.050863638,0.207937684
77,79,1.50,2024,0.0507911316,0.216088814
78,60,0.35,1933,0.0861306055,0.317581193
78,60,0.35,2024,0.0885303584,0.319901921
78,60,1.50,1933,0.0861306055,0.317581193
78,60,1.50,2024,0.0885303584,0.319901921
78,72,0.35,1933,0.0809892148,0.297147966
78,72,0.35,2024,0.085083658,0.30668682
78,72,1.50,1933,0.0809892148,0.297147966
78,72,1.50,2024,0.085083658,0.30668682
78,74,0.35,1933,0.0774742171,0.288352348
78,74,0.35,2024,0.0817392793,0.297019041
78,74,1.50,1933,0.0774742171,0.288352348
78,74,1.50,2024,0.0817392793,0.297019041
78,76,0.35,1933,0.0732348685,0.280211624
78,76,0.35,2024,0.0776511169,0.288924719
78,76,1.50,1933,0.0732348685,0.280211624
78,76,1.50,2024,0.0776511169,0.288924719
79,60,0.35,1933,0.0747106492,0.275794406
79,60,0.35,2024,0.0772172394,0.284784185
79,60,1.50,1933,0.0747106492,0.275794406
79,60,1.50,2024,0.0772172394,0.284784185
79,62,0.35,1933,0.0730568027,0.272397761
79,62,0.35,2024,0.075655878,0.282373267
79,62,1.50,1933,0.0730568027,0.272397761
79,62,1.50,2024,0.075655878,0.282373267
79,64,0.35,1933,0.0708161736,0.27308718
79,64,0.35,2024,0.0735933363,0.288341858
79,64,1.50,1933,0.0708161736,0.27308718
79,64,1.50,2024,0.0735933363,0.288341858
79,65,0.35,1933,0.0695148777,0.275220729
79,65,0.35,2024,0.0722273426,0.280766396
79,65,1.50,1933,0.0695148777,0.275220729
79,65,1.50,2024,0.0722273426,0.280766396
79,67,0.35,1933,0.0666392941,0.268603926
79,67,0.35,2024,0.0693866407,0.278780128
79,67,1.50,1933,0.0666392941,0.268603926
79,67,1.50,2024,0.0693866407,0.278780128
80,53,0.35,1933,0.502276503,1.11711713
80,53,0.35,2024,0.500378568,1.11759611
80,53,1.50,1933,0.508407036,1.11759672
80,53,1.50,2024,0.508236163,1.11759611
80,60,0.35,1933,0.48719909,1.03644607
80,60,0.35,2024,0.484536667,1.03652671
80,60,1.50,1933,0.497087657,1.03652752
80,60,1.50,2024,0.497409643,1.03652671
80,64,0.35,1933,0.475297238,0.985148028
80,64,0.35,2024,0.472623639,0.985246409
80,64,1.50,1933,0.485564011,0.985981121
80,64,1.50,2024,0.485454063,0.985246409
80,65,0.35,1933,0.472671853,0.970922438
80,65,0.35,2024,0.469904135,0.971693176
80,65,1.50,1933,0.483034271,0.971694293
80,65,1.50,2024,0.482949459,0.971693176
80,69,0.35,1933,0.459489194,0.910508972
80,69,0.35,2024,0.45657926,0.910507867
80,69,1.50,1933,0.470041937,0.910508972
80,69,1.50,2024,0.46995123,0.910507867
81,53,0.35,1933,0.343681549,1.05497194
81,53,0.35,2024,0.420482837,1.41472731
81,53,1.50,1933,0.417168868,1.3882981
81,53,1.50,2024,0.420482837,1.41472731
81,60,0.35,1933,0.394713704,1.31638308
81,60,0.35,2024,0.396251202,1.3348553
81,60,1.50,1933,0.396057073,1.31638308
81,60,1.50,2024,0.396251202,1.3348553
81,66,0.35,1933,0.371606493,1.24242059
81,66,0.35,2024,0.363339322,1.24629313
81,66,1.50,1933,0.371606493,1.24242059
81,66,1.50,2024,0.36699183,1.24629313
81,71,0.35,1933,0.349539779,1.1516948
81,71,0.35,2024,0.330816673,1.15175023
81,71,1.50,1933,0.349539779,1.1516948
81,71,1.50,2024,0.343250557,1.15175023
81,79,0.35,1933,0.301110205,0.996727965
81,79,0.35,2024,0.29828392,0.996683093
81,79,1.50,1933,0.301110205,0.996727965
81,79,1.50,2024,0.29828392,0.996683093
82,60,0.35,1933,0.322097106,0.753681903
82,60,0.35,2024,0.417818061,1.03745309
82,60,1.50,1933,0.423330287,1.03773402
82,60,1.50,2024,0.423245856,1.03769843
82,65,0.35,1933,0.359939622,0.884466523
82,65,0.35,2024,0.374420487,0.902856474
82,65,1.50,1933,0.391853304,0.900747802
82,65,1.50,2024,0.392806928,0.903488527
82,72,0.35,1933,0.338023063,0.709971271
82,72,0.35,2024,0.296521156,0.6883859
82,72,1.50,1933,0.338352578,0.709971271
82,72,1.50,2024,0.339028699,0.709042387
82,76,0.35,1933,0.299930098,0.597476032
82,76,0.35,2024,0.245448713,0.548335329
82,76,1.50,1933,0.300298871,0.597901787
82,76,1.50,2024,0.301263095,0.597926408
82,77,0.35,1933,0.290162849,0.568945338
82,77,0.35,2024,0.231753182,0.528645817
82,77,1.50,1933,0.290162849,0.569759284
82,77,1.50,2024,0.291073351,0.568988929
82,81,0.35,1933,0.244600637,0.459979882
82,81,0.35,2024,0.189062193,0.39257892
82,81,1.50,1933,0.246585067,0.461979698
82,81,1.50,2024,0.24747261,0.462140567
83,60,0.35,1933,0.382670069,1.24743621
83,60,0.35,2024,0.398623762,1.25199805
83,60,1.50,1933,0.398267957,1.24747677
83,60,1.50,2024,0.398865961,1.25199805
83,67,0.35,1933,0.369013413,1.12034302
83,67,0.35,2024,0.361418341,1.13689943
83,67,1.50,1933,0.369438394,1.12071969
83,67,1.50,2024,0.371347013,1.13689943
83,74,0.35,1933,0.329582213,0.977882768
83,74,0.35,2024,0.310859398,1.0101363
83,74,1.50,1933,0.329582213,0.977882768
83,74,1.50,2024,0.330581604,1.0101363
83,83,0.35,1933,0.264874334,0.763631227
83,83,0.35,2024,0.26581629,0.778132539
83,83,1.50,1933,0.264874334,0.763631227
83,83,1.50,2024,0.265945408,0.778132539
83,91,0.35,1933,0.209885824,0.557829494
83,91,0.35,2024,0.208725351,0.565847402
83,91,1.50,1933,0.209885824,0.557829494
83,91,1.50,2024,0.208758881,0.565847402
84,59,0.35,1933,0.222447141,0.259999984
84,59,0.35,2024,0.218730398,0.259999984
84,59,1.50,1933,0.222447141,0.259999984
84,59,1.50,2024,0.222534783,0.259999985
84,60,0.35,1933,0.221609748,0.259999982
84,60,0.35,2024,0.217696169,0.259999982
84,60,1.50,1933,0.221668523,0.259999982
84,60,1.50,2024,0.221755633,0.259999982
84,71,0.35,1933,0.212596878,0.259999855
84,71,0.35,2024,0.212751492,0.259999855
84,71,1.50,1933,0.212735979,0.259999855
84,71,1.50,2024,0.213151399,0.259999855
84,78,0.35,1933,0.206432585,0.259998976
84,78,0.35,2024,0.206399819,0.259998974
84,78,1.50,1933,0.206524811,0.259998976
84,78,1.50,2024,0.206432096,0.259998974
84,89,0.35,1933,0.204020173,0.259969747
84,89,0.35,2024,0.204157586,0.259969487
84,89,1.50,1933,0.204051871,0.259969747
84,89,1.50,2024,0.204194368,0.259969487
84,102,0.35,1933,0.176863873,0.257217765
84,102,0.35,2024,0.177309606,0.257188258
84,102,1.50,1933,0.176920503,0.257217765
84,102,1.50,2024,0.177358598,0.257188258
85,60,0.35,1933,0.104059457,0.195763092
85,60,0.35,2024,0.111560699,0.208936915
85,60,1.50,1933,0.104305935,0.197723052
85,60,1.50,2024,0.111658732,0.21013025
85,62,0.35,1933,0.164062231,0.303035015
85,62,0.35,2024,0.185585382,0.338134144
85,62,1.50,1933,0.164343041,0.304201496
85,62,1.50,2024,0.185585382,0.34113651
85,72,0.35,1933,0.259974682,0.418271657
85,72,0.35,2024,0.284179522,0.455033232
85,72,1.50,1933,0.259997605,0.420624961
85,72,1.50,2024,0.284344805,0.456547805
85,79,0.35,1933,0.348648303,0.527998012
85,79,0.35,2024,0.314124632,0.496943084
85,79,1.50,1933,0.348717587,0.530166885
85,79,1.50,2024,0.31744423,0.496943084
85,89,0.35,1933,0.0373051991,0.0727690263
85,89,0.35,2024,0.0331640172,0.0664786169
85,89,1.50,1933,0.0373085993,0.0730778531
85,89,1.50,2024,0.0335273031,0.0664786169
85,102,0.35,1933,0.0797275111,0.121301702
85,102,0.35,2024,0.0749778094,0.115391432
85,102,1.50,1933,0.0797295881,0.122120595
85,102,1.50,2024,0.0753915286,0.115484703
86,60,0.35,1933,0.386722932,1.29954688
86,60,0.35,2024,0.357984506,1.05776993
86,60,1.50,1933,0.386722932,1.29954688
86,60,1.50,2024,0.363321867,1.09994251
86,89,0.35,1933,0.258546691,0.662509953
86,89,0.35,2024,0.252762365,0.628014659
86,89,1.50,1933,0.263469679,0.680101585
86,89,1.50,2024,0.262643733,0.680063066
86,96,0.35,1933,0.204588091,0.471143966
86,96,0.35,2024,0.201986485,0.466634124
86,96,1.50,1933,0.20701662,0.471144747
86,96,1.50,2024,0.207274577,0.471107759
86,100,0.35,1933,0.17054731,0.374829345
86,100,0.35,2024,0.169314882,0.360152362
86,100,1.50,1933,0.172398252,0.374932353
86,100,1.50,2024,0.172977982,0.374897243
86,105,0.35,1933,0.128074499,0.274333367
86,105,0.35,2024,0.128342123,0.267723391
86,105,1.50,1933,0.129482601,0.274346852
86,105,1.50,2024,0.130316706,0.274377427
86,108,0.35,1933,0.103534903,0.250062908
86,108,0.35,2024,0.103500682,0.239832373
86,108,1.50,1933,0.104974478,0.250062908
86,108,1.50,2024,0.105653051,0.250126516
87,59,0.35,1933,0.352422371,1.18528079
87,59,0.35,2024,0.375404744,1.25754149
87,59,1.50,1933,0.376147063,1.21220144
87,59,1.50,2024,0.375593271,1.26221178
87,60,0.35,1933,0.358525202,1.19717001
87,60,0.35,2024,0.373229984,1.25070479
87,60,1.50,1933,0.373485188,1.19717001
87,60,1.50,2024,0.373783803,1.25070479
87,69,0.35,1933,0.336890397,1.04578451
87,69,0.35,2024,0.32759381,1.09096165
87,69,1.50,1933,0.337536302,1.07720844
87,69,1.50,2024,0.336423136,1.09914114
87,91,0.35,1933,0.207135106,0.628298221
87,91,0.35,2024,0.205748181,0.594942342
87,91,1.50,1933,0.207135106,0.642433798
87,91,1.50,2024,0.206016841,0.621566914
87,101,0.35,1933,0.13988411,0.373638645
87,101,0.35,2024,0.140642899,0.358943872
87,101,1.50,1933,0.140089543,0.37623005
87,101,1.50,2024,0.140909564,0.369610581
87,108,0.35,1933,0.0907500164,0.235310178
87,108,0.35,2024,0.090964304,0.228638065
87,108,1.50,1933,0.0907879964,0.236521176
87,108,1.50,2024,0.0912235636,0.228638065
88,60,0.35,1933,0.0452077557,0.11049334
88,60,0.35,2024,0.0616696865,0.167052539
88,60,1.50,1933,0.281820661,0.816485874
88,60,1.50,2024,0.353619531,0.946526888
88,65,0.35,1933,0.0384867391,0.115368815
88,65,0.35,2024,0.0580727694,0.134941485
88,65,1.50,1933,0.230354483,0.65379332
88,65,1.50,2024,0.182478355,0.577127765
88,69,0.35,1933,0.0625129645,0.174177984
88,69,0.35,2024,0.0377065896,0.0950259124
88,69,1.50,1933,0.250397242,0.921809842
88,69,1.50,2024,0.256961792,0.613089694
88,72,0.35,1933,0.0795022655,0.219402552
88,72,0.35,2024,0.0499547889,0.142529935
88,72,1.50,1933,0.231487535,0.905452711
88,72,1.50,2024,0.319018882,0.82045186
89,53,0.35,1933,0.0564418548,0.0986119039
89,53,0.35,2024,0.0471885447,0.11060551
89,53,1.50,1933,0.265074236,0.672883562
89,53,1.50,2024,0.290664061,0.669088259
89,57,0.35,1933,0.0478004582,0.0993052078
89,57,0.35,2024,0.0422016439,0.0887560986
89,57,1.50,1933,0.255321802,0.647909067
89,57,1.50,2024,0.239625438,0.567165786
89,60,0.35,1933,0.0392841614,0.0784242204
89,60,0.35,2024,0.0377142087,0.0796012052
89,60,1.50,1933,0.215139986,0.504469038
89,60,1.50,2024,0.187533138,0.393928209
89,62,0.35,1933,0.0341375272,0.0764694115
89,62,0.35,2024,0.0393841736,0.0838764596
89,62,1.50,1933,0.198135103,0.45661661
89,62,1.50,2024,0.196156822,0.406455828
89,67,0.35,1933,0.0395444666,0.081540651
89,67,0.35,2024,0.048392419,0.12008897
89,67,1.50,1933,0.186631074,0.370992167
89,67,1.50,2024,0.231824421,0.486756701
89,72,0.35,1933,0.0338956161,0.0670380939
89,72,0.35,2024,0.0364333222,0.0785693864
89,72,1.50,1933,0.20344906,0.420459537
89,72,1.50,2024,0.196201981,0.410978407
90,55,0.35,1933,0.107261873,0.325039846
90,55,0.35,2024,0.150919278,0.50571923
90,55,1.50,1933,0.293881463,0.821700316
90,55,1.50,2024,0.208808334,0.50571923
90,59,0.35,1933,0.193615938,0.457714163
90,59,0.35,2024,0.140674096,0.36484687
90,59,1.50,1933,0.254485487,0.68952388
90,59,1.50,2024,0.360266761,0.955019577
90,60,0.35,1933,0.209050102,0.612821886
90,60,0.35,2024,0.116781667,0.261723053
90,60,1.50,1933,0.23395463,0.700237141
90,60,1.50,2024,0.354560062,0.880740739
90,62,0.35,1933,0.12886238,0.35783613
90,62,0.35,2024,0.148713215,0.349151182
90,62,1.50,1933,0.289934877,0.996827172
90,62,1.50,2024,0.306131366,0.676695372
90,66,0.35,1933,0.126739343,0.318573686
90,66,0.35,2024,0.097804629,0.268756426
90,66,1.50,1933,0.231918217,0.556444384
90,66,1.50,2024,0.1769791,0.531409917
90,72,0.35,1933,0.196720904,0.608699662
90,72,0.35,2024,0.0868045977,0.232582243
90,72,1.50,1933,0.231096094,0.771059718
90,72,1.50,2024,0.305904506,0.7539122
91,60,0.35,1933,0.0706325558,0.151634843
91,60,0.35,2024,0.0875359298,0.218821271
91,60,1.50,1933,0.197981955,0.483663326
91,60,1.50,2024,0.236458439,0.520836183
91,65,0.35,1933,0.11390135,0.205241975
91,65,0.35,2024,0.122505079,0.213311376
91,65,1.50,1933,0.277881953,0.490898651
91,65,1.50,2024,0.308846936,0.514897712
91,69,0.35,1933,0.304156481,0.492969964
91,69,0.35,2024,0.318587377,0.571116737
91,69,1.50,1933,0.89854888,1.49416184
91,69,1.50,2024,1.09989798,1.70497691
91,72,0.35,1933,0.190155609,0.353540821
91,72,0.35,2024,0.122993266,0.231644565
91,72,1.50,1933,0.453221045,0.801681003
91,72,1.50,2024,0.423225649,0.779573947
92,60,0.35,1933,0.0452996257,0.129564255
92,60,0.35,2024,0.0562087021,0.159591238
92,60,1.50,1933,0.253379212,0.829522097
92,60,1.50,2024,0.239027919,0.686790221
92,65,0.35,1933,0.0318951802,0.0795200938
92,65,0.35,2024,0.0294530455,0.0761806106
92,65,1.50,1933,0.22304101,0.67050845
92,65,1.50,2024,0.186772,0.453947483
92,69,0.35,1933,0.036366956,0.0945250746
92,69,0.35,2024,0.0361308066,0.0855474287
92,69,1.50,1933,0.223030716,0.644869549
92,69,1.50,2024,0.18840875,0.421457974
92,72,0.35,1933,0.0482449175,0.120460631
92,72,0.35,2024,0.0420426519,0.112905694
92,72,1.50,1933,0.225691144,0.593793125
92,72,1.50,2024,0.20467396,0.631059631
93,60,0.35,1933,0.193667278,0.367395998
93,60,0.35,2024,0.163577238,0.431910868
93,60,1.50,1933,0.451681147,1.15433017
93,60,1.50,2024,0.513718607,1.10784494
93,65,0.35,1933,0.165585136,0.37779781
93,65,0.35,2024,0.148704319,0.362950243
93,65,1.50,1933,0.456588568,1.10962106
93,65,1.50,2024,0.517632969,1.07530897
93,69,0.35,1933,0.13632849,0.400701746
93,69,0.35,2024,0.131690562,0.312606143
93,69,1.50,1933,0.454274146,1.06556162
93,69,1.50,2024,0.509588931,1.03206359
93,72,0.35,1933,0.129813353,0.357900284
93,72,0.35,2024,0.131217595,0.297605746
93,72,1.50,1933,0.433785602,1.03328243
93,72,1.50,2024,0.499210186,1.01792765
94,55,0.35,1933,0.0108973628,0.0281379625
94,55,0.35,2024,0.0137261183,0.0418356978
94,55,1.50,1933,0.0330179581,0.084495039
94,55,1.50,2024,0.0399018301,0.103291068
94,59,0.35,1933,0.0126321524,0.0339739701
94,59,0.35,2024,0.0148164042,0.0382034647
94,59,1.50,1933,0.0331835079,0.0934747035
94,59,1.50,2024,0.0319100087,0.0811968953
94,60,0.35,1933,0.0164693847,0.0425417694
94,60,0.35,2024,0.0194481672,0.0549302358
94,60,1.50,1933,0.0375558817,0.116548318
94,60,1.50,2024,0.039453274,0.105929466
94,62,0.35,1933,0.016209337,0.0435654343
94,62,0.35,2024,0.0187035853,0.048808021
94,62,1.50,1933,0.044990693,0.129586635
94,62,1.50,2024,0.0517916294,0.130475781
94,66,0.35,1933,0.0342072814,0.0682442478
94,66,0.35,2024,0.0286123197,0.0631175111
94,66,1.50,1933,0.0988102489,0.19148308
94,66,1.50,2024,0.0977637376,0.209553961
94,72,0.35,1933,0.0311433942,0.0705507531
94,72,0.35,2024,0.0153847332,0.034948461
94,72,1.50,1933,0.0735755175,0.155027733
94,72,1.50,2024,0.0809452459,0.138724579
95,60,0.35,1933,0.0803021041,0.230196952
95,60,0.35,2024,0.0864359258,0.325629293
95,60,1.50,1933,0.22642271,0.802223686
95,60,1.50,2024,0.257711327,0.735444342
95,65,0.35,1933,0.0889666514,0.338964
95,65,0.35,2024,0.0928410233,0.35625664
95,65,1.50,1933,0.224145526,0.819825499
95,65,1.50,2024,0.292919752,0.920723281
95,69,0.35,1933,0.141308345,0.517417496
95,69,0.35,2024,0.0782544004,0.267442878
95,69,1.50,1933,0.207884247,0.88644005
95,69,1.50,2024,0.302838072,0.912049476
95,72,0.35,1933,0.159074689,0.644182615
95,72,0.35,2024,0.0927280255,0.297759406
95,72,1.50,1933,0.202611093,0.760976916
95,72,1.50,2024,0.197774302,0.762370531
96,57,0.35,1933,0.467862234,1.6
96,57,0.35,2024,0.482518499,1.6
96,57,1.50,1933,0.467862234,1.6
96,57,1.50,2024,0.482518499,1.6
96,60,0.35,1933,0.466658076,1.6
96,60,0.35,2024,0.482319079,1.6
96,60,1.50,1933,0.466658076,1.6
96,60,1.50,2024,0.482319079,1.6
96,62,0.35,1933,0.468726938,1.6
96,62,0.35,2024,0.478404672,1.6
96,62,1.50,1933,0.468726938,1.6
96,62,1.50,2024,0.478404672,1.6
96,64,0.35,1933,0.46724041,1.6
96,64,0.35,2024,0.483652192,1.6
96,64,1.50,1933,0.46724041,1.6
96,64,1.50,2024,0.483652192,1.6
96,67,0.35,1933,0.467086695,1.6
96,67,0.35,2024,0.479416142,1.6
96,67,1.50,1933,0.467086695,1.6
96,67,1.50,2024,0.479416142,1.6
97,53,0.35,1933,0.171282356,0.3262422
97,53,0.35,2024,0.261876801,0.624259083
97,53,1.50,1933,0.385231825,0.586402546
97,53,1.50,2024,0.261876801,0.625918656
97,57,0.35,1933,0.254737395,0.441699144
97,57,0.35,2024,0.262319951,0.589425102
97,57,1.50,1933,0.382474691,0.60593652
97,57,1.50,2024,0.262319951,0.658434877
97,60,0.35,1933,0.322869269,0.548175856
97,60,0.35,2024,0.26571619,0.586201697
97,60,1.50,1933,0.378403519,0.635939089
97,60,1.50,2024,0.26571619,0.643558273
97,65,0.35,1933,0.328922508,0.549174903
97,65,0.35,2024,0.27322445,0.595529001
97,65,1.50,1933,0.342354605,0.567260745
97,65,1.50,2024,0.27322445,0.61073619
97,71,0.35,1933,0.181322497,0.32320914
97,71,0.35,2024,0.271920087,0.579724623
97,71,1.50,1933,0.302178597,0.546573639
97,71,1.50,2024,0.271920087,0.579724623
98,57,0.35,1933,0.132356468,0.459914371
98,57,0.35,2024,0.120436495,0.361126239
98,57,1.50,1933,0.206850456,0.545967783
98,57,1.50,2024,0.239041722,0.493722457
98,60,0.35,1933,0.112807324,0.268152442
98,60,0.35,2024,0.111294986,0.330812304
98,60,1.50,1933,0.200640367,0.451173655
98,60,1.50,2024,0.239054418,0.393681828
98,64,0.35,1933,0.10270159,0.306615673
98,64,0.35,2024,0.0946779122,0.229758688
98,64,1.50,1933,0.231351848,0.52760955
98,64,1.50,2024,0.211681394,0.42199575
98,67,0.35,1933,0.0907566691,0.208367529
98,67,0.35,2024,0.0932365664,0.341679459
98,67,1.50,1933,0.193805456,0.430803352
98,67,1.50,2024,0.181109263,0.492025382
98,71,0.35,1933,0.0825877939,0.201934812
98,71,0.35,2024,0.0802602937,0.226760708
98,71,1.50,1933,0.213508196,0.41802748
98,71,1.50,2024,0.178894462,0.394060549
98,76,0.35,1933,0.073731647,0.212967988
98,76,0.35,2024,0.0754645771,0.203149152
98,76,1.50,1933,0.155092424,0.333620032
98,76,1.50,2024,0.172496922,0.338297874
99,53,0.35,1933,0.170294703,0.365124556
99,53,0.35,2024,0.202635333,0.456785539
99,53,1.50,1933,0.242198487,0.545898004
99,53,1.50,2024,0.202635333,0.456785539
99,57,0.35,1933,0.177196926,0.356313199
99,57,0.35,2024,0.198836766,0.429898628
99,57,1.50,1933,0.242369842,0.516844387
99,57,1.50,2024,0.198836766,0.429898628
99,60,0.35,1933,0.192168466,0.399734057
99,60,0.35,2024,0.195696236,0.433468984
99,60,1.50,1933,0.241604539,0.500752712
99,60,1.50,2024,0.218991284,0.52781629
99,74,0.35,1933,0.243933022,0.41224851
99,74,0.35,2024,0.185858603,0.408792202
99,74,1.50,1933,0.243933022,0.41224851
99,74,1.50,2024,0.233973004,0.541185194
99,79,0.35,1933,0.206356176,0.363312509
99,79,0.35,2024,0.183508597,0.417055861
99,79,1.50,1933,0.210164778,0.366132532
99,79,1.50,2024,0.233257439,0.493891712
100,60,0.35,1933,0.325871519,0.659248006
100,60,0.35,2024,0.345437258,0.637226911
100,60,1.50,1933,0.325871519,0.659248006
100,60,1.50,2024,0.345437258,0.637226911
100,67,0.35,1933,0.243914347,0.461458649
100,67,0.35,2024,0.334849122,0.678953719
100,67,1.50,1933,0.243914347,0.461458649
100,67,1.50,2024,0.334849122,0.678953719
100,76,0.35,1933,0.223860899,0.458888547
100,76,0.35,2024,0.23951477,0.446065349
100,76,1.50,1933,0.247706785,0.543518965
100,76,1.50,2024,0.251425578,0.52499071
100,83,0.35,1933,0.247251941,0.502211504
100,83,0.35,2024,0.225618989,0.460323439
100,83,1.50,1933,0.247251941,0.528974572
100,83,1.50,2024,0.249063399,0.594190385
100,88,0.35,1933,0.280720905,0.57247487
100,88,0.35,2024,0.238214467,0.493632911
100,88,1.50,1933,0.280720905,0.57247487
100,88,1.50,2024,0.238214467,0.55985811
101,53,0.35,1933,0.120561012,0.466420428
101,53,0.35,2024,0.1477958,0.537249747
101,53,1.50,1933,0.164471252,0.701302165
101,53,1.50,2024,0.19027962,0.564958108
101,60,0.35,1933,0.157044072,0.619710777
101,60,0.35,2024,0.156757168,0.498000418
101,60,1.50,1933,0.207917258,0.652581122
101,60,1.50,2024,0.180847645,0.553458731
101,84,0.35,1933,0.127817804,0.343400262
101,84,0.35,2024,0.0210272933,0.0600481684
101,84,1.50,1933,0.146809544,0.407560099
101,84,1.50,2024,0.0269081217,0.0746174012
101,86,0.35,1933,0.0864121464,0.240278771
101,86,0.35,2024,0.0162899326,0.0498562662
101,86,1.50,1933,0.0910221578,0.28587085
101,86,1.50,2024,0.0204496947,0.0665144181
101,91,0.35,1933,0.0341419527,0.122318934
101,91,0.35,2024,0.00995706705,0.0393147124
101,91,1.50,1933,0.0391037356,0.122318934
101,91,1.50,2024,0.0116468395,0.0474096804
102,55,0.35,1933,0.179086048,0.453758797
102,55,0.35,2024,0.17799012,0.425315371
102,55,1.50,1933,0.273190461,0.537250932
102,55,1.50,2024,0.302015025,0.45202309
102,60,0.35,1933,0.153978831,0.321412621
102,60,0.35,2024,0.148024875,0.458273452
102,60,1.50,1933,0.214002725,0.407954446
102,60,1.50,2024,0.202229105,0.458273452
102,62,0.35,1933,0.146992337,0.4637052
102,62,0.35,2024,0.137051483,0.454961552
102,62,1.50,1933,0.218775347,0.48995844
102,62,1.50,2024,0.217217014,0.479887101
102,86,0.35,1933,0.0882724957,0.168273632
102,86,0.35,2024,0.0926957442,0.161466568
102,86,1.50,1933,0.151013283,0.254746049
102,86,1.50,2024,0.173430555,0.289970313
102,89,0.35,1933,0.0988497975,0.177048813
102,89,0.35,2024,0.092883941,0.196727601
102,89,1.50,1933,0.160068901,0.271314638
102,89,1.50,2024,0.204667075,0.318998869
102,100,0.35,1933,0.0918936864,0.256389782
102,100,0.35,2024,0.0962592271,0.233725282
102,100,1.50,1933,0.103259218,0.256389782
102,100,1.50,2024,0.106440377,0.233725282
103,53,0.35,1933,0.119724142,0.535876335
103,53,0.35,2024,0.116846199,0.558600522
103,53,1.50,1933,0.123933406,0.535876335
103,53,1.50,2024,0.123958249,0.558600522
103,59,0.35,1933,0.120884497,0.545844444
103,59,0.35,2024,0.121382853,0.503459888
103,59,1.50,1933,0.131408269,0.545844444
103,59,1.50,2024,0.132227505,0.503459888
103,60,0.35,1933,0.121712592,0.49682211
103,60,0.35,2024,0.121667808,0.519306213
103,60,1.50,1933,0.139996341,0.497880343
103,60,1.50,2024,0.135202291,0.519306213
103,64,0.35,1933,0.125429303,0.60346784
103,64,0.35,2024,0.12551485,0.619994777
103,64,1.50,1933,0.145753397,0.60346784
103,64,1.50,2024,0.148072792,0.619994777
103,100,0.35,1933,0.106772146,0.401183915
103,100,0.35,2024,0.107568021,0.496865899
103,100,1.50,1933,0.106772146,0.401183915
103,100,1.50,2024,0.107568021,0.496865899
103,107,0.35,1933,0.0825039419,0.377526631
103,107,0.35,2024,0.084802175,0.32563861
103,107,1.50,1933,0.0825039419,0.377526631
103,107,1.50,2024,0.084802175,0.32563861
104,55,0.35,1933,1.46802668,4.5092538
104,55,0.35,2024,1.88863404,5.13332644
104,55,1.50,1933,1.46802668,4.5092538
104,55,1.50,2024,1.88863404,5.13332644
104,60,0.35,1933,1.03158127,3.26617022
104,60,0.35,2024,1.2107746,3.85701614
104,60,1.50,1933,1.03158127,3.26617022
104,60,1.50,2024,1.2107746,3.85701614
104,65,0.35,1933,0.891426829,3.00630598
104,65,0.35,2024,0.966019691,3.61729275
104,65,1.50,1933,0.891426829,3.00630598
104,65,1.50,2024,0.966019691,3.61729275
104,72,0.35,1933,0.764955606,3.28280408
104,72,0.35,2024,0.85871958,3.46275676
104,72,1.50,1933,0.764955606,3.28280408
104,72,1.50,2024,0.85871958,3.46275676
104,77,0.35,1933,0.70650604,2.70918186
104,77,0.35,2024,1.02795241,3.96845893
104,77,1.50,1933,0.70650604,2.70918186
104,77,1.50,2024,1.02795241,3.96845893
105,55,0.35,1933,0.834217229,3.3630463
105,55,0.35,2024,0.991350171,3.08067033
105,55,1.50,1933,0.834217229,3.3630463
105,55,1.50,2024,0.991350171,3.08067033
105,60,0.35,1933,0.587677083,2.29475563
105,60,0.35,2024,0.674272631,2.15287824
105,60,1.50,1933,0.587677083,2.29475563
105,60,1.50,2024,0.674272631,2.15287824
105,65,0.35,1933,0.534868931,1.89088347
105,65,0.35,2024,0.563658647,2.82303154
105,65,1.50,1933,0.534868931,1.89088347
105,65,1.50,2024,0.563658647,2.82303154
105,72,0.35,1933,0.450440123,2.03769948
105,72,0.35,2024,0.497544034,2.12370105
105,72,1.50,1933,0.450440123,2.03769948
105,72,1.50,2024,0.497544034,2.12370105
105,77,0.35,1933,0.456086047,2.00872509
105,77,0.35,2024,0.582662929,2.25567716
105,77,1.50,1933,0.456086047,2.00872509
105,77,1.50,2024,0.582662929,2.25567716
106,55,0.35,1933,0.999762437,3.41980737
106,55,0.35,2024,1.07998013,3.46742006
106,55,1.50,1933,0.999762437,3.41980737
106,55,1.50,2024,1.07998013,3.46742006
106,60,0.35,1933,0.732467104,2.75233669
106,60,0.35,2024,0.82349189,2.64458318
106,60,1.50,1933,0.732467104,2.75233669
106,60,1.50,2024,0.82349189,2.64458318
106,65,0.35,1933,0.59764036,2.23412123
106,65,0.35,2024,0.651296372,3.27819557
106,65,1.50,1933,0.59764036,2.23412123
106,65,1.50,2024,0.651296372,3.27819557
106,72,0.35,1933,0.471627261,2.20475303
106,72,0.35,2024,0.469967713,2.13967326
106,72,1.50,1933,0.471627261,2.20475303
106,72,1.50,2024,0.469967713,2.13967326
106,77,0.35,1933,0.427189216,2.2148427
106,77,0.35,2024,0.570723259,2.47726562
106,77,1.50,1933,0.427189216,2.2148427
106,77,1.50,2024,0.570723259,2.47726562
107,55,0.35,1933,0.659864441,2.51188765
107,55,0.35,2024,0.623780191,2.72721586
107,55,1.50,1933,0.659864441,2.51188765
107,55,1.50,2024,0.623780191,2.72721586
107,60,0.35,1933,0.463051904,1.3167271
107,60,0.35,2024,0.548368086,2.14301355
107,60,1.50,1933,0.463051904,1.3167271
107,60,1.50,2024,0.548368086,2.14301355
107,65,0.35,1933,0.465542918,1.54233388
107,65,0.35,2024,0.501363905,1.83990036
107,65,1.50,1933,0.465542918,1.54233388
107,65,1.50,2024,0.501363905,1.83990036
107,72,0.35,1933,0.414177628,1.19040912
107,72,0.35,2024,0.347434728,1.32011067
107,72,1.50,1933,0.414177628,1.19040912
107,72,1.50,2024,0.347434728,1.32011067
107,77,0.35,1933,0.29891365,1.3552292
107,77,0.35,2024,0.353307488,1.31471573
107,77,1.50,1933,0.29891365,1.3552292
107,77,1.50,2024,0.353307488,1.31471573
108,55,0.35,1933,0.343912973,0.76599663
108,55,0.35,2024,0.370589457,0.776783718
108,55,1.50,1933,0.343912973,0.76599663
108,55,1.50,2024,0.370589457,0.776783718
108,60,0.35,1933,0.342566143,0.778413301
108,60,0.35,2024,0.369382356,0.787038841
108,60,1.50,1933,0.342566143,0.778413301
108,60,1.50,2024,0.369382356,0.787038841
108,63,0.35,1933,0.342845671,0.785434051
108,63,0.35,2024,0.369673735,0.795476251
108,63,1.50,1933,0.342845671,0.785434051
108,63,1.50,2024,0.369673735,0.795476251
108,69,0.35,1933,0.342043382,0.775522776
108,69,0.35,2024,0.369107753,0.768596883
108,69,1.50,1933,0.342043382,0.775522776
108,69,1.50,2024,0.369107753,0.768596883
108,75,0.35,1933,0.342296846,0.795450139
108,75,0.35,2024,0.369330635,0.777698849
108,75,1.50,1933,0.342296846,0.795450139
108,75,1.50,2024,0.369330635,0.777698849
108,83,0.35,1933,0.342117233,0.832440767
108,83,0.35,2024,0.36903461,0.790026175
108,83,1.50,1933,0.342117233,0.832440767
108,83,1.50,2024,0.36903461,0.790026175
109,55,0.35,1933,0.385458232,0.804508823
109,55,0.35,2024,0.27425387,0.645106352
109,55,1.50,1933,0.385458232,0.804508823
109,55,1.50,2024,0.417578058,0.860305143
109,60,0.35,1933,0.377284452,0.798841515
109,60,0.35,2024,0.283035066,0.650013279
109,60,1.50,1933,0.377284452,0.798841515
109,60,1.50,2024,0.413782701,0.849244762
109,65,0.35,1933,0.368928065,0.775905947
109,65,0.35,2024,0.295393229,0.673262505
109,65,1.50,1933,0.40207454,0.807326546
109,65,1.50,2024,0.407281745,0.842380981
109,72,0.35,1933,0.35259236,0.760657544
109,72,0.35,2024,0.331386206,0.697302187
109,72,1.50,1933,0.39252058,0.798206567
109,72,1.50,2024,0.397990624,0.812739979
109,77,0.35,1933,0.335444601,0.738745431
109,77,0.35,2024,0.368623826,0.773206632
109,77,1.50,1933,0.383269264,0.761453733
109,77,1.50,2024,0.38704977,0.781506761
110,55,0.35,1933,0.377877155,0.723615421
110,55,0.35,2024,0.273082634,0.559318133
110,55,1.50,1933,0.377877155,0.723615421
110,55,1.50,2024,0.397626794,0.746274187
110,60,0.35,1933,0.370867848,0.714257146
110,60,0.35,2024,0.27754521,0.569020132
110,60,1.50,1933,0.370867848,0.714257146
110,60,1.50,2024,0.39243516,0.732456159
110,65,0.35,1933,0.364212045,0.701643534
110,65,0.35,2024,0.282514587,0.579803809
110,65,1.50,1933,0.364212045,0.701643534
110,65,1.50,2024,0.388157673,0.716729157
110,72,0.35,1933,0.353901001,0.677105372
110,72,0.35,2024,0.300267825,0.584977949
110,72,1.50,1933,0.379563797,0.683619664
110,72,1.50,2024,0.380385113,0.685983132
110,77,0.35,1933,0.341878821,0.64466633
110,77,0.35,2024,0.322545468,0.603542473
110,77,1.50,1933,0.370989236,0.652922775
110,77,1.50,2024,0.372260085,0.658583876
111,55,0.35,1933,0.467033146,0.799439157
111,55,0.35,2024,0.398924379,0.787181699
111,55,1.50,1933,0.467033146,0.799439157
111,55,1.50,2024,0.458161458,0.787181699
111,60,0.35,1933,0.472181196,0.779598906
111,60,0.35,2024,0.414669761,0.783987269
111,60,1.50,1933,0.472181196,0.783938349
111,60,1.50,2024,0.447145043,0.783987269
111,63,0.35,1933,0.475167976,0.786525738
111,63,0.35,2024,0.424446186,0.783348537
111,63,1.50,1933,0.475167976,0.787933014
111,63,1.50,2024,0.433631661,0.783348537
111,69,0.35,1933,0.479585404,0.772057418
111,69,0.35,2024,0.443736961,0.783508896
111,69,1.50,1933,0.479585404,0.777456615
111,69,1.50,2024,0.455358029,0.783508896
111,75,0.35,1933,0.475736732,0.789523429
111,75,0.35,2024,0.457238568,0.774966662
111,75,1.50,1933,0.475736732,0.789523429
111,75,1.50,2024,0.457238568,0.774966662
111,83,0.35,1933,0.445433187,0.746244643
111,83,0.35,2024,0.453414645,0.792752639
111,83,1.50,1933,0.450407754,0.762585102
111,83,1.50,2024,0.453414645,0.792752639
112,60,0.35,1933,0.326345029,0.788188475
112,60,0.35,2024,0.343807907,0.772258827
112,60,1.50,1933,0.326345029,0.788188475
112,60,1.50,2024,0.343807907,0.772258827
112,77,0.35,1933,0.324976095,0.844055819
112,77,0.35,2024,0.343446228,0.814391446
112,77,1.50,1933,0.324976095,0.844055819
112,77,1.50,2024,0.343446228,0.814391446
112,84,0.35,1933,0.324799491,0.853888102
112,84,0.35,2024,0.342981053,0.816718481
112,84,1.50,1933,0.324799491,0.853888102
112,84,1.50,2024,0.342981053,0.816718481
113,60,0.35,1933,0.317053879,0.750280188
113,60,0.35,2024,0.331135732,0.766910404
113,60,1.50,1933,0.317053879,0.750280188
113,60,1.50,2024,0.331135732,0.766910404
113,77,0.35,1933,0.317070932,0.809520385
113,77,0.35,2024,0.331039875,0.822296038
113,77,1.50,1933,0.317070932,0.809520385
113,77,1.50,2024,0.331039875,0.822296038
113,84,0.35,1933,0.316876638,0.84186914
113,84,0.35,2024,0.330562579,0.853557101
113,84,1.50,1933,0.316876638,0.84186914
113,84,1.50,2024,0.330562579,0.853557101
114,60,0.35,1933,0.301968635,0.790990179
114,60,0.35,2024,0.308728134,0.794520043
114,60,1.50,1933,0.301968635,0.790990179
114,60,1.50,2024,0.308728134,0.794520043
114,84,0.35,1933,0.302327836,0.808130587
114,84,0.35,2024,0.309807531,0.812447707
114,84,1.50,1933,0.302327836,0.808130587
114,84,1.50,2024,0.309807531,0.812447707
115,60,0.35,1933,0.220754759,0.669856582
115,60,0.35,2024,0.237742519,0.69559964
115,60,1.50,1933,0.220754759,0.669856582
115,60,1.50,2024,0.237742519,0.69559964
115,77,0.35,1933,0.220780931,0.766708447
115,77,0.35,2024,0.237742822,0.74841606
115,77,1.50,1933,0.220780931,0.766708447
115,77,1.50,2024,0.237742822,0.74841606
115,86,0.35,1933,0.220713196,0.728959576
115,86,0.35,2024,0.237712269,0.795615844
115,86,1.50,1933,0.220713196,0.728959576
115,86,1.50,2024,0.237712269,0.795615844
116,60,0.35,1933,0.326522479,0.76194898
116,60,0.35,2024,0.348001899,0.768454077
116,60,1.50,1933,0.326522479,0.76194898
116,60,1.50,2024,0.348001899,0.768454077
116,72,0.35,1933,0.326302685,0.811219553
116,72,0.35,2024,0.348817354,0.819784936
116,72,1.50,1933,0.326302685,0.811219553
116,72,1.50,2024,0.348817354,0.819784936
116,84,0.35,1933,0.325864981,0.874055284
116,84,0.35,2024,0.347853318,0.87196659
116,84,1.50,1933,0.325864981,0.874055284
116,84,1.50,2024,0.347853318,0.87196659
117,60,0.35,1933,0.355358804,0.754569125
117,60,0.35,2024,0.383921251,0.805937443
117,60,1.50,1933,0.355358804,0.754569125
117,60,1.50,2024,0.383921251,0.805937443
117,77,0.35,1933,0.355490685,0.779626961
117,77,0.35,2024,0.38449613,0.842086476
117,77,1.50,1933,0.355490685,0.779626961
117,77,1.50,2024,0.38449613,0.842086476
117,84,0.35,1933,0.355121046,0.810850595
117,84,0.35,2024,0.383569133,0.854728069
117,84,1.50,1933,0.355121046,0.810850595
117,84,1.50,2024,0.383569133,0.854728069
118,60,0.35,1933,0.453638708,0.757399041
118,60,0.35,2024,0.504709717,0.821833587
118,60,1.50,1933,0.453638708,0.757399041
118,60,1.50,2024,0.504709717,0.821833587
118,77,0.35,1933,0.45333809,0.774085845
118,77,0.35,2024,0.50439309,0.832660394
118,77,1.50,1933,0.45333809,0.774085845
118,77,1.50,2024,0.50439309,0.832660394
118,84,0.35,1933,0.453119893,0.791821609
118,84,0.35,2024,0.5040314,0.842803618
118,84,1.50,1933,0.453119893,0.791821609
118,84,1.50,2024,0.5040314,0.842803618
119,60,0.35,1933,0.0474150604,0.183221166
119,60,0.35,2024,0.0468999306,0.16073083
119,60,1.50,1933,0.157861613,0.519837888
119,60,1.50,2024,0.157362914,0.493198596
119,77,0.35,1933,0.0474150604,0.183221166
119,77,0.35,2024,0.0468999306,0.16073083
119,77,1.50,1933,0.157861613,0.519837888
119,77,1.50,2024,0.157362914,0.493198596
119,86,0.35,1933,0.0474150604,0.183221166
119,86,0.35,2024,0.0468999306,0.16073083
119,86,1.50,1933,0.157861613,0.519837888
119,86,1.50,2024,0.157362914,0.493198596
120,60,0.35,1933,0.138445816,0.373636053
120,60,0.35,2024,0.136782509,0.374397626
120,60,1.50,1933,0.138445816,0.373636053
120,60,1.50,2024,0.136782509,0.374397626
121,60,0.35,1933,0.115095227,0.679195143
121,60,0.35,2024,0.115425853,1.1301504
121,60,1.50,1933,0.115095227,0.679195143
121,60,1.50,2024,0.115425853,1.1301504
122,60,0.35,1933,0.436207139,1.4
122,60,0.35,2024,0.6365494,1.4
122,60,1.50,1933,0.474607462,1.4
122,60,1.50,2024,0.650771143,1.4
123,60,0.35,1933,0.238490224,0.499999837
123,60,0.35,2024,0.302097139,0.499999999
123,60,1.50,1933,0.238490224,0.499999837
123,60,1.50,2024,0.302097139,0.499999999
124,60,0.35,1933,0.200776489,0.399925104
124,60,0.35,2024,0.200473966,0.399987594
124,60,1.50,1933,0.200776492,0.399981511
124,60,1.50,2024,0.200473978,0.399996025
125,60,0.35,1933,0.0990676601,0.307041047
125,60,0.35,2024,0.098262152,0.298701896
125,60,1.50,1933,0.100174327,0.316405618
125,60,1.50,2024,0.0994114042,0.322356869
126,60,0.35,1933,0.264951545,1.5
126,60,0.35,2024,0.423441549,1.5
126,60,1.50,1933,0.264951545,1.5
126,60,1.50,2024,0.429285957,1.5
127,60,0.35,1933,0.396711938,0.837580118
127,60,0.35,2024,0.397176976,0.899857049
127,60,1.50,1933,0.396711938,0.837580118
127,60,1.50,2024,0.397176976,0.899857049
