zone,zone_created,ytd_requests,ytd_pageviews,ytd_daily_unique_sum,first_day_with_data
aesthetic.computer,2023-08-16,240863362,6253413,578066,2026-01-01
jas.life,2025-04-29,28167461,1604759,905329,2026-01-01
laklok.com,2026-05-31,2325608,8372,12836,2026-05-31
sotce.net,2024-11-01,1436896,70901,75287,2026-01-01
kidlisp.com,2026-01-19,1266082,821315,41327,2026-01-19
notepat.com,2026-02-08,725776,11460,62991,2026-02-08
false.work,2026-01-08,586275,101867,44279,2026-01-08
prompt.ac,2026-02-17,457447,10606,20852,2026-02-17
menuband.app,2026-07-05,302047,22453,5667,2026-07-05
justanothersystem.org,2026-02-02,285752,145854,14804,2026-02-02
whistlegraph.org,2026-07-08,98378,27855,15644,2026-07-08
regarde.io,2026-06-11,65277,44462,4416,2026-06-11
quiltnet.org,2026-05-15,44929,26580,8040,2026-05-15
danzballet.studio,2026-07-27,20114,11482,3566,2026-07-27
drvkforlife.com,2026-05-23,5,2,4,2026-05-24
oskiewar.com,2026-08-08,1,0,1,2026-09-09
