zone,month,requests,pageviews,daily_unique_sum
aesthetic.computer,2026-01,1041151,15212,21836
aesthetic.computer,2026-02,13585864,124792,42662
aesthetic.computer,2026-03,17284340,351078,69310
aesthetic.computer,2026-04,25038547,788462,61699
aesthetic.computer,2026-05,36520869,884199,70780
aesthetic.computer,2026-06,34563798,1237581,74578
aesthetic.computer,2026-07,35604282,1069033,81097
aesthetic.computer,2026-08,52552308,1220561,113094
aesthetic.computer,2026-09,24672203,562495,43010
danzballet.studio,2026-07,6669,2208,671
danzballet.studio,2026-08,10568,7077,2298
danzballet.studio,2026-09,2877,2197,597
drvkforlife.com,2026-05,5,2,4
false.work,2026-01,58251,2257,3347
false.work,2026-02,39874,3441,5102
false.work,2026-03,79561,4949,6791
false.work,2026-04,58966,7755,4624
false.work,2026-05,73502,9901,5319
false.work,2026-06,86955,27770,5182
false.work,2026-07,74090,18444,5863
false.work,2026-08,95837,24403,6254
false.work,2026-09,19239,2947,1797
jas.life,2026-01,1290693,94535,66117
jas.life,2026-02,1063408,108410,78338
jas.life,2026-03,1501745,170580,161676
jas.life,2026-04,1643440,224445,124036
jas.life,2026-05,3337653,180294,73428
jas.life,2026-06,6434465,198129,67983
jas.life,2026-07,4282166,227803,126767
jas.life,2026-08,8186663,342619,171243
jas.life,2026-09,427228,57944,35741
justanothersystem.org,2026-02,2,0,1
justanothersystem.org,2026-03,2038,1154,407
justanothersystem.org,2026-04,41645,17155,2223
justanothersystem.org,2026-05,35600,17850,2415
justanothersystem.org,2026-06,52058,22521,2670
justanothersystem.org,2026-07,44460,22658,2845
justanothersystem.org,2026-08,92523,56068,3238
justanothersystem.org,2026-09,17426,8448,1005
kidlisp.com,2026-01,19940,10795,1443
kidlisp.com,2026-02,117893,75836,4886
kidlisp.com,2026-03,217495,180821,6728
kidlisp.com,2026-04,64777,50553,4274
kidlisp.com,2026-05,119858,85198,5194
kidlisp.com,2026-06,176448,117833,5191
kidlisp.com,2026-07,224806,127459,5554
kidlisp.com,2026-08,278020,140673,6293
kidlisp.com,2026-09,46845,32147,1764
laklok.com,2026-05,3389,87,74
laklok.com,2026-06,824426,2941,3819
laklok.com,2026-07,240634,1904,3591
laklok.com,2026-08,1214559,2719,4349
laklok.com,2026-09,42600,721,1003
menuband.app,2026-07,262662,9325,2246
menuband.app,2026-08,32253,9129,2629
menuband.app,2026-09,7132,3999,792
notepat.com,2026-02,89386,667,6932
notepat.com,2026-03,74253,1663,9168
notepat.com,2026-04,59022,1502,8468
notepat.com,2026-05,69131,1483,8686
notepat.com,2026-06,139682,1599,8859
notepat.com,2026-07,107474,1705,9100
notepat.com,2026-08,173235,2173,9155
notepat.com,2026-09,13593,668,2623
oskiewar.com,2026-09,1,0,1
prompt.ac,2026-02,18300,0,1169
prompt.ac,2026-03,55189,6,3451
prompt.ac,2026-04,53248,15,3200
prompt.ac,2026-05,80691,39,3139
prompt.ac,2026-06,32093,32,2075
prompt.ac,2026-07,52679,1914,2546
prompt.ac,2026-08,130435,2225,3903
prompt.ac,2026-09,34812,6375,1369
quiltnet.org,2026-05,5177,2516,1394
quiltnet.org,2026-06,6609,3462,1806
quiltnet.org,2026-07,14237,9946,2246
quiltnet.org,2026-08,15838,8692,1959
quiltnet.org,2026-09,3068,1964,635
regarde.io,2026-06,16654,10968,1034
regarde.io,2026-07,10020,6210,1139
regarde.io,2026-08,20157,14045,1593
regarde.io,2026-09,18446,13239,650
sotce.net,2026-01,224978,11253,10342
sotce.net,2026-02,218814,8471,8698
sotce.net,2026-03,160567,9600,10967
sotce.net,2026-04,179653,7376,8880
sotce.net,2026-05,118484,5993,8195
sotce.net,2026-06,131676,6430,8216
sotce.net,2026-07,183627,11605,8225
sotce.net,2026-08,163069,6394,8907
sotce.net,2026-09,56028,3779,2857
whistlegraph.org,2026-07,51307,11816,6309
whistlegraph.org,2026-08,37016,12902,7063
whistlegraph.org,2026-09,10055,3137,2272
