referrer_host,boots,distinct_clients,reached_running_boot,landed_on
www.google.com,926,553,797,laklok.com www.aesthetic.computer nopaint.art sitemap.aesthetic.computer aesthetic.computer notepat.com
jas.life,886,511,633,aesthetic.computer nopaint.art
bing.com,504,130,472,laklok.com nopaint.art oskiewar.com aesthetic.computer
justforfun.io,487,437,458,aesthetic.computer nopaint.art
mail.google.com,454,181,427,aesthetic.computer
www.tiktok.com,236,185,184,aesthetic.computer
com.google.android.googlequicksearchbox,219,139,193,aesthetic.computer nopaint.art notepat.com
cloudhiker.net,202,179,158,nopaint.art aesthetic.computer
l.instagram.com,170,105,153,laklok.com nopaint.art aesthetic.computer www.laklok.com
www.facebook.com,161,119,54,laklok.com www.aesthetic.computer nopaint.art aesthetic.computer www.laklok.com
www.raster.art,91,73,41,aesthetic.computer
l.facebook.com,87,27,81,www.aesthetic.computer aesthetic.computer
opensea.io,87,70,26,aesthetic.computer
openweird.com,81,78,70,nopaint.art aesthetic.computer
github.com,76,54,70,nopaint.art aesthetic.computer
m.facebook.com,59,54,51,aesthetic.computer laklok.com nopaint.art
duckduckgo.com,54,35,52,aesthetic.computer www.aesthetic.computer
tangled.org,52,39,46,aesthetic.computer
ufoteologi.dk,49,20,39,aesthetic.computer
whistlegraph.org,46,30,36,aesthetic.computer
facebook.com,43,16,35,www.aesthetic.computer aesthetic.computer
luma.com,35,19,28,aesthetic.computer
go.bsky.app,33,29,30,aesthetic.computer
rhizome.org,32,26,29,aesthetic.computer
www.pointlesssites.com,30,24,28,nopaint.art aesthetic.computer
