time_s,rms_dbfs,spectral_centroid_hz,onset_strength
0.0000,-18.0953,1146.000,1.63229
0.0427,-20.2175,1464.801,2.01870
0.0853,-22.3206,1811.062,2.15078
0.1280,-24.2387,2203.441,2.18928
0.1707,-25.6642,2412.888,2.39656
0.2133,-26.9028,2322.498,2.58468
0.2560,-23.0580,2203.540,2.70216
0.2987,-21.3289,1941.693,2.82720
0.3413,-20.2346,1653.664,2.93646
0.3840,-19.5905,1457.261,2.53731
0.4267,-19.3225,1253.381,2.16058
0.4693,-19.3600,1047.027,2.07312
0.5120,-18.9566,1004.311,2.01287
0.5547,-18.6867,1039.617,1.99533
0.5973,-18.6441,1105.108,1.97061
0.6400,-18.7789,1188.718,2.01287
0.6827,-18.8097,1249.931,1.78658
0.7253,-18.6246,1255.211,1.76880
0.7680,-18.2065,1170.537,1.82326
0.8107,-18.1470,1053.143,1.72960
0.8533,-17.9692,968.299,1.62633
0.8960,-17.7819,872.980,1.60057
0.9387,-17.3506,842.785,1.57729
0.9813,-17.3501,818.955,1.63227
1.0240,-17.5840,772.280,1.60575
1.0667,-17.7079,766.677,1.58529
1.1093,-18.2419,846.922,1.61239
1.1520,-18.5135,904.402,1.74386
1.1947,-18.2193,930.660,1.79890
1.2373,-18.1610,890.542,1.80408
1.2800,-18.0709,807.151,1.78370
1.3227,-18.2041,757.930,1.69835
1.3653,-18.1750,726.515,1.73004
1.4080,-18.1892,742.121,1.70380
1.4507,-18.1266,724.999,1.70893
1.4933,-18.0371,726.655,1.69504
1.5360,-18.0007,744.798,1.68492
1.5787,-17.8021,843.535,1.68589
1.6213,-18.1535,946.676,1.55127
1.6640,-18.2073,999.230,1.56509
1.7067,-18.2726,1027.646,1.53802
1.7493,-18.2269,924.688,1.53296
1.7920,-17.7675,831.762,1.36851
1.8347,-18.0621,733.890,1.26824
1.8773,-17.9572,645.485,1.24979
1.9200,-18.1361,573.481,1.20220
1.9627,-17.9412,492.845,1.26531
2.0053,-18.2019,430.198,1.21499
2.0480,-18.4714,379.808,1.40455
2.0907,-18.7737,411.491,1.36851
2.1333,-19.5660,446.387,1.40937
2.1760,-19.5426,489.704,1.50814
2.2187,-19.7079,517.849,1.62919
2.2613,-19.5809,478.712,1.77408
2.3040,-19.1853,465.656,1.79520
2.3467,-19.4295,459.620,1.88681
2.3893,-19.3963,481.719,1.87306
2.4320,-19.4466,540.291,1.87234
2.4747,-19.2417,582.011,1.93493
2.5173,-19.0036,621.960,1.89923
2.5600,-19.0045,688.178,1.91674
2.6027,-19.1712,769.279,1.88446
2.6453,-19.1088,856.627,1.96331
2.6880,-19.0598,918.625,1.87806
2.7307,-19.7807,875.696,1.88103
2.7733,-19.6399,789.355,1.82926
2.8160,-19.2754,761.126,1.70523
2.8587,-19.3456,713.068,1.56631
2.9013,-19.2761,656.500,1.49532
2.9440,-19.0470,627.282,1.53112
2.9867,-19.0192,572.972,1.45233
3.0293,-18.7209,550.578,1.56238
3.0720,-18.8104,604.849,1.51375
3.1147,-19.2747,648.769,1.65045
3.1573,-19.0354,651.215,1.88012
3.2000,-18.4409,630.187,2.02705
3.2427,-18.9572,576.375,2.07701
3.2853,-18.8592,535.579,2.03627
3.3280,-18.6964,550.362,2.00537
3.3707,-18.6345,553.101,1.98004
3.4133,-18.3856,581.595,1.99118
3.4560,-18.1935,616.711,2.04851
3.4987,-18.0897,653.596,2.11199
3.5413,-17.9189,723.833,2.11310
3.5840,-18.3279,815.609,2.16667
3.6267,-18.4652,901.654,2.26275
3.6693,-18.6383,940.392,2.19629
3.7120,-18.6405,900.064,2.17249
3.7547,-18.5395,849.291,2.00386
3.7973,-18.4377,845.237,1.81029
3.8400,-18.7756,813.167,1.93233
3.8827,-19.1715,775.009,1.83936
3.9253,-19.4932,725.137,1.81879
3.9680,-19.7106,647.346,1.83070
4.0107,-19.6975,606.875,1.89735
4.0533,-19.7798,642.591,1.94939
4.0960,-20.2494,651.695,2.00079
4.1387,-19.9022,637.370,2.09042
4.1813,-19.4590,611.180,2.09752
4.2240,-19.9626,577.288,2.05682
4.2667,-19.7335,588.807,1.98615
4.3093,-19.4878,683.201,1.92980
4.3520,-19.5275,705.913,1.96112
4.3947,-19.1928,793.797,1.89525
4.4373,-19.1795,895.236,1.87837
4.4800,-19.1654,919.734,1.58100
4.5227,-19.1550,973.823,1.60427
4.5653,-19.5842,979.736,1.53519
4.6080,-19.5886,965.564,1.48465
4.6507,-19.2434,867.497,1.41920
4.6933,-19.0920,774.958,1.38827
4.7360,-19.4488,613.659,1.31798
4.7787,-19.1262,453.837,1.12190
4.8213,-19.1757,354.035,1.10680
4.8640,-19.3379,265.322,1.08567
4.9067,-19.3842,253.115,1.07095
4.9493,-19.3528,218.709,1.08609
4.9920,-19.1931,202.872,1.20934
5.0347,-19.1721,224.740,1.32018
5.0773,-19.7093,258.602,1.52078
5.1200,-19.8901,299.071,1.65201
5.1627,-19.8189,322.745,1.78487
5.2053,-19.7470,338.555,1.83015
5.2480,-19.6707,385.368,1.78344
5.2907,-19.3782,462.511,1.86662
5.3333,-19.3511,525.503,1.87485
5.3760,-18.9675,618.436,1.87859
5.4187,-18.9026,695.559,1.96006
5.4613,-18.8839,759.671,1.99161
5.5040,-18.7552,863.916,1.97815
5.5467,-18.8656,978.553,1.94977
5.5893,-18.7796,1049.690,1.98970
5.6320,-18.3819,1097.158,2.07611
5.6747,-18.5248,1052.490,2.09865
5.7173,-18.7506,946.168,1.97042
5.7600,-18.4723,880.313,1.95133
5.8027,-18.6783,844.819,1.86387
5.8453,-18.8470,808.724,1.96590
5.8880,-18.9647,837.082,2.01422
5.9307,-18.9770,857.954,2.04427
5.9733,-18.8887,975.786,2.14920
6.0160,-19.1920,1236.548,2.07617
6.0587,-19.6582,1527.727,2.09793
6.1013,-19.5059,1905.229,2.21159
6.1440,-18.9703,2076.903,2.45518
6.1867,-19.3216,2064.755,2.56102
6.2293,-19.3891,2028.424,2.58653
6.2720,-18.9485,2028.297,2.43960
6.3147,-19.0570,1887.623,2.41635
6.3573,-18.6870,1707.454,2.34172
6.4000,-18.7534,1516.405,2.30043
6.4427,-18.8273,1188.918,2.23847
6.4853,-18.6579,1083.042,2.15509
6.5280,-18.9505,1120.394,2.10558
6.5707,-19.0922,1127.994,2.04123
6.6133,-19.1185,1096.550,1.96366
6.6560,-18.9573,1015.351,2.02032
6.6987,-18.9387,918.519,1.99479
6.7413,-18.7852,866.346,1.83806
6.7840,-18.8780,842.307,1.59592
6.8267,-19.0407,758.244,1.54477
6.8693,-18.9612,729.214,1.45699
6.9120,-18.9833,648.611,1.40900
6.9547,-18.8696,593.465,1.70850
6.9973,-19.0185,633.594,1.68819
7.0400,-19.6283,642.236,1.68599
7.0827,-19.4581,624.065,1.84186
7.1253,-18.9872,604.862,1.85284
7.1680,-19.4725,560.049,1.97049
7.2107,-19.4841,489.057,1.93114
7.2533,-19.1239,519.429,1.89478
7.2960,-19.3957,508.929,1.91906
7.3387,-19.1116,530.196,1.92785
7.3813,-19.1387,606.641,1.92879
7.4240,-19.1934,632.830,1.95065
7.4667,-19.1094,706.417,1.99198
7.5093,-19.4388,812.192,1.96783
7.5520,-19.7022,889.274,2.13988
7.5947,-20.0362,923.266,1.84665
7.6373,-20.0004,895.159,1.87923
7.6800,-20.0126,827.148,1.91295
7.7227,-19.8055,801.124,1.72996
7.7653,-19.7870,788.324,1.70623
7.8080,-19.9282,734.184,1.64871
7.8507,-19.8905,741.383,1.60785
7.8933,-20.1084,716.795,1.65779
7.9360,-19.9754,694.071,1.63604
7.9787,-20.0748,759.836,1.55708
8.0213,-20.6510,782.005,1.53800
8.0640,-20.1207,788.274,1.60224
8.1067,-19.5932,766.707,1.80354
8.1493,-20.0703,699.555,2.00401
8.1920,-20.0165,581.939,1.89357
8.2347,-19.6351,548.028,1.91000
8.2773,-19.7915,490.785,1.92154
8.3200,-20.0637,475.499,1.86970
8.3627,-19.8403,536.215,1.95191
8.4053,-19.8180,595.689,1.94014
8.4480,-19.7765,681.218,1.99082
8.4907,-19.9527,798.757,1.99016
8.5333,-20.2831,933.521,1.93896
8.5760,-20.0399,1008.527,1.91338
8.6187,-19.3616,995.661,1.95992
8.6613,-19.1790,917.575,1.92621
8.7040,-19.2697,821.779,1.81209
8.7467,-19.1110,690.640,1.51831
8.7893,-18.7801,610.006,1.36711
8.8320,-18.5520,512.809,1.27311
8.8747,-18.6911,385.425,1.17199
8.9173,-19.0044,275.899,1.10852
8.9600,-19.0643,269.656,1.23745
9.0027,-19.7619,308.928,1.14056
9.0453,-19.8802,356.597,1.27062
9.0880,-20.0583,379.452,1.51787
9.1307,-20.0976,353.622,1.67385
9.1733,-19.6547,347.961,1.66769
9.2160,-19.8325,380.789,1.71622
9.2587,-19.6569,476.403,1.76279
9.3013,-19.8432,625.790,1.83011
9.3440,-19.5764,708.380,1.90694
9.3867,-19.3335,786.846,1.98481
9.4293,-19.5104,895.760,2.04825
9.4720,-19.5622,1074.141,2.05657
9.5147,-20.2052,1236.632,2.13517
9.5573,-19.9868,1383.105,2.23322
9.6000,-19.8549,1377.498,2.16983
9.6427,-20.0161,1238.877,2.26506
9.6853,-19.8840,1151.307,2.12541
9.7280,-19.6964,1090.871,1.78740
9.7707,-19.7077,1068.102,1.70885
9.8133,-19.7558,993.437,1.73138
9.8560,-20.0390,968.808,1.72937
9.8987,-19.5736,917.171,1.67459
9.9413,-19.4219,1076.959,1.70190
9.9840,-19.5929,1202.220,1.71411
10.0267,-19.5333,1346.712,1.65295
10.0693,-19.7192,1419.978,1.61559
10.1120,-19.4609,1327.499,1.79806
10.1547,-18.9548,1252.151,1.80284
10.1973,-19.3646,1156.979,1.71317
10.2400,-19.1660,1099.317,1.69069
10.2827,-19.1504,1045.423,1.62358
10.3253,-18.7682,1041.776,1.69684
10.3680,-18.6099,995.512,1.77583
10.4107,-18.8998,1033.555,1.86780
10.4533,-18.9441,1129.594,1.77849
10.4960,-19.1787,1276.386,1.77951
10.5387,-19.2369,1418.517,1.88068
10.5813,-19.7828,1396.798,1.90436
10.6240,-19.9655,1214.136,1.96698
10.6667,-19.4207,1117.793,1.94274
10.7093,-19.6776,1054.358,1.90342
10.7520,-19.7442,945.970,1.82507
10.7947,-19.4018,940.067,1.79924
10.8373,-19.9628,863.214,1.87814
10.8800,-19.4387,782.717,1.83955
10.9227,-19.4420,944.608,1.87247
10.9653,-20.2050,1024.885,1.76319
11.0080,-20.0080,1112.484,1.71248
11.0507,-19.5363,1145.016,1.85022
11.0933,-19.9721,1081.931,1.98674
11.1360,-19.9997,972.756,1.99200
11.1787,-19.6430,904.124,1.94198
11.2213,-19.7540,853.254,1.89729
11.2640,-19.9085,717.639,1.86157
11.3067,-19.5763,726.572,1.95435
11.3493,-19.6611,707.706,1.92330
11.3920,-19.3131,723.861,2.02538
11.4347,-19.1405,829.787,1.91983
11.4773,-19.4701,940.126,1.97934
11.5200,-19.9534,1019.781,2.01505
11.5627,-20.0494,1003.569,1.99737
11.6053,-20.0143,948.441,2.06836
11.6480,-19.8402,917.492,2.03909
11.6907,-19.8611,860.396,1.81819
11.7333,-19.8684,807.496,1.75510
11.7760,-19.6305,827.710,1.74707
11.8187,-20.1471,828.104,1.67554
11.8613,-20.2840,847.340,1.64711
11.9040,-20.4763,992.136,1.64794
11.9467,-21.0817,1086.279,1.68592
11.9893,-20.4490,1164.420,1.84188
12.0320,-19.7942,1244.235,1.75633
12.0747,-20.3457,1206.140,1.98343
12.1173,-20.2949,1133.545,1.95710
12.1600,-19.8490,1205.051,1.96887
12.2027,-19.9272,1198.473,2.02475
12.2453,-19.8231,1216.513,2.10343
12.2880,-19.2329,1433.683,2.34182
12.3307,-19.2315,1547.549,2.49583
12.3733,-19.1212,1749.767,2.54770
12.4160,-18.9564,1980.123,2.46966
12.4587,-19.3338,2032.525,2.58052
12.5013,-19.0734,1968.086,2.58713
12.5440,-18.5224,1893.741,2.52600
12.5867,-19.0009,1689.858,2.49028
12.6293,-18.8509,1384.264,2.38359
12.6720,-18.5167,1198.175,2.33717
12.7147,-18.7254,916.302,2.19718
12.7573,-18.6093,753.340,2.11948
12.8000,-18.5075,719.784,2.03686
12.8427,-18.3861,686.992,1.96586
12.8853,-18.4702,722.074,1.90665
12.9280,-19.0144,801.900,1.71235
12.9707,-19.2368,857.891,1.58491
13.0133,-19.5463,872.691,1.58422
13.0560,-19.5875,831.257,1.65195
13.0987,-19.5528,774.783,1.51233
13.1413,-19.3878,755.946,1.50257
13.1840,-19.5234,715.007,1.47693
13.2267,-19.4986,692.401,1.39485
13.2693,-19.5197,680.569,1.40313
13.3120,-19.4505,622.254,1.40348
13.3547,-19.4313,581.241,1.55080
13.3973,-19.4228,604.709,1.47234
13.4400,-19.6109,610.284,1.47389
13.4827,-19.0735,606.737,1.44805
13.5253,-18.7138,581.983,1.36430
13.5680,-19.1660,509.050,1.28517
13.6107,-18.9764,430.557,1.17775
13.6533,-18.8027,398.265,1.15311
13.6960,-19.0033,335.308,1.29016
13.7387,-18.8890,285.659,1.27806
13.7813,-18.8202,240.497,1.25423
13.8240,-18.7593,200.304,1.38882
13.8667,-18.7427,213.944,1.50935
13.9093,-19.2189,224.603,1.47578
13.9520,-19.2258,240.947,1.81276
13.9947,-18.9023,293.101,1.76841
14.0373,-18.7488,312.186,1.88472
14.0800,-18.9746,324.269,1.99244
14.1227,-18.6000,373.691,2.12729
14.1653,-18.6985,416.309,2.24392
14.2080,-18.8805,429.618,2.33047
14.2507,-18.8609,517.114,2.44178
14.2933,-18.8059,573.711,2.42888
14.3360,-18.4741,592.555,2.31192
14.3787,-18.2600,666.795,2.31101
14.4213,-18.6668,732.765,2.44133
14.4640,-18.8661,765.635,2.39836
14.5067,-18.9354,738.383,2.32997
14.5493,-18.8954,695.535,2.40318
14.5920,-18.7981,633.411,2.03738
14.6347,-18.4881,613.929,1.94093
14.6773,-18.2251,593.808,1.91106
14.7200,-18.0552,599.863,1.82666
14.7627,-18.2693,607.052,1.75461
14.8053,-18.3647,604.327,1.74015
14.8480,-18.6020,683.112,1.76233
14.8907,-19.0659,755.011,1.70173
14.9333,-18.8925,800.326,1.71745
14.9760,-18.4320,840.977,1.77934
15.0187,-18.6997,812.477,1.86529
15.0613,-18.8190,736.349,1.77312
15.1040,-18.5939,717.362,1.66389
15.1467,-18.9052,696.738,1.61862
15.1893,-19.2412,641.554,1.54211
15.2320,-18.9896,653.643,1.55653
15.2747,-19.3167,658.800,1.52706
15.3173,-19.1923,640.616,1.62271
15.3600,-19.2567,715.374,1.56121
15.4027,-19.8630,790.591,1.51029
15.4453,-19.6935,827.393,1.49927
15.4880,-19.1448,821.593,1.41240
15.5307,-19.6615,762.498,1.35659
15.5733,-19.6194,669.028,1.33234
15.6160,-19.2870,615.443,1.30934
15.6587,-19.3696,556.646,1.44169
15.7013,-19.4643,467.192,1.42365
15.7440,-19.3223,396.761,1.41176
15.7867,-19.4214,361.033,1.41201
15.8293,-19.3982,423.393,1.63782
15.8720,-19.7720,515.164,1.57242
15.9147,-19.9118,593.804,1.54699
15.9573,-20.0952,636.948,1.55610
16.0000,-20.0170,634.584,1.73313
16.0427,-19.9792,631.213,1.98040
16.0853,-19.8273,628.763,2.13193
16.1280,-19.5456,587.521,2.20722
16.1707,-19.1652,516.676,2.32437
16.2133,-19.0015,496.368,2.35664
16.2560,-18.9079,490.034,2.28274
16.2987,-18.5772,509.499,2.10406
16.3413,-18.4306,622.563,2.11900
16.3840,-19.0281,722.975,2.13316
16.4267,-18.6970,831.827,2.24260
16.4693,-18.1732,890.877,2.09292
16.5120,-18.6892,878.653,2.15274
16.5547,-18.6166,842.517,2.29095
16.5973,-18.5477,871.199,2.16286
16.6400,-18.9558,857.414,2.03874
16.6827,-18.7546,841.475,1.83844
16.7253,-18.8592,882.198,1.63102
16.7680,-19.1124,854.024,1.61008
16.8107,-19.0821,923.977,1.77138
16.8533,-19.3304,1043.596,1.65853
16.8960,-19.4966,1134.347,1.88389
16.9387,-19.2171,1186.074,2.00118
16.9813,-18.8404,1177.015,2.08395
17.0240,-19.2378,1086.367,2.11207
17.0667,-18.9907,1011.281,2.00075
17.1093,-18.8803,1032.969,1.99560
17.1520,-19.1849,990.950,1.97147
17.1947,-19.0093,1025.022,1.86188
17.2373,-18.8826,1063.423,1.86099
17.2800,-18.8338,1086.840,1.93261
17.3227,-18.9324,1166.096,2.12570
17.3653,-19.5889,1301.208,2.06982
17.4080,-19.6947,1418.198,1.99909
17.4507,-19.6554,1442.693,1.71837
17.4933,-19.6547,1398.745,1.75676
17.5360,-19.5989,1269.692,1.66116
17.5787,-19.4408,1164.742,1.51208
17.6213,-19.4881,1021.597,1.39533
17.6640,-19.2970,910.947,1.40618
17.7067,-19.4057,894.476,1.41018
17.7493,-19.5309,739.527,1.44518
17.7920,-19.3954,630.666,1.78864
17.8347,-19.5966,657.320,1.73687
17.8773,-19.7549,657.551,1.85752
17.9200,-19.3974,663.232,1.84415
17.9627,-19.1938,678.085,1.91787
18.0053,-19.5464,642.446,2.14244
18.0480,-19.2408,532.490,2.31488
18.0907,-19.1693,591.836,2.42805
18.1333,-19.3672,623.355,2.45845
18.1760,-19.1660,669.001,2.36327
18.2187,-18.9806,738.935,2.40745
18.2613,-18.8003,796.236,2.50879
18.3040,-18.7125,886.199,2.64546
18.3467,-19.4240,1018.109,2.58951
18.3893,-19.5127,1124.457,2.50257
18.4320,-19.2714,1200.321,2.18713
18.4747,-18.8087,1225.837,2.29613
18.5173,-18.7795,1165.090,2.27362
18.5600,-18.7732,1105.413,2.22874
18.6027,-18.6006,1055.781,1.97304
18.6453,-18.5538,1020.035,1.87169
18.6880,-18.3027,1005.290,1.75673
18.7307,-18.2945,955.064,1.67624
18.7733,-18.0334,860.014,1.98840
18.8160,-17.7666,890.965,1.89849
18.8587,-18.0896,924.106,1.89387
18.9013,-17.7943,953.347,1.82871
18.9440,-17.7070,988.107,1.72015
18.9867,-17.6645,920.734,1.87822
19.0293,-17.5654,835.209,1.98174
19.0720,-17.5133,789.914,2.00978
19.1147,-17.5147,778.061,1.97452
19.1573,-17.7387,718.078,1.93521
19.2000,-17.8418,705.930,1.96279
19.2427,-18.1076,674.396,1.92798
19.2853,-18.3896,639.900,2.40683
19.3280,-18.9914,732.638,2.33043
19.3707,-19.0891,785.569,2.29257
19.4133,-19.1601,903.401,2.03437
19.4560,-19.0654,969.745,2.09844
19.4987,-18.6834,987.103,2.16023
19.5413,-19.0001,941.772,2.19528
19.5840,-18.9312,941.780,2.12713
19.6267,-18.8878,932.893,2.25795
19.6693,-18.6003,925.242,2.26483
19.7120,-18.5415,918.745,2.25985
19.7547,-18.5588,792.757,2.61734
19.7973,-18.3056,818.127,2.50998
19.8400,-18.9943,838.538,2.67576
19.8827,-19.0087,898.122,2.91606
19.9253,-19.1207,995.331,2.40669
19.9680,-18.9847,958.741,2.50034
20.0107,-18.5469,885.872,2.59839
20.0533,-18.6999,906.705,2.67329
20.0960,-18.6808,958.032,2.67960
20.1387,-18.7084,962.548,2.68853
20.1813,-18.4522,1014.514,2.67434
20.2240,-18.6437,1013.784,2.75767
20.2667,-18.7636,962.860,2.78332
20.3093,-18.9730,1116.575,2.63551
20.3520,-18.8596,1192.992,2.60564
20.3947,-18.6451,1300.354,2.23180
20.4373,-18.5328,1335.562,2.33059
20.4800,-18.4289,1256.318,2.24598
20.5227,-18.5344,1165.627,2.10434
20.5653,-18.4133,1120.241,2.10204
20.6080,-18.3990,1125.406,2.08971
20.6507,-18.3229,1088.593,2.11378
20.6933,-18.1466,1056.233,1.98202
20.7360,-18.0900,932.625,2.27226
20.7787,-18.0441,962.535,2.16579
20.8213,-18.8137,1019.715,2.13201
20.8640,-18.8361,1098.638,2.21000
20.9067,-18.7731,1218.795,2.08266
20.9493,-18.6748,1175.406,2.16118
20.9920,-18.6906,1088.918,2.23198
21.0347,-18.6246,1105.308,2.35505
21.0773,-18.7728,1283.996,2.29950
21.1200,-18.7987,1361.866,2.39019
21.1627,-19.0802,1504.783,2.32566
21.2053,-19.0683,1613.931,2.31386
21.2480,-18.9802,1649.083,2.64065
21.2907,-19.1079,1707.287,2.52165
21.3333,-19.4373,1757.781,2.50761
21.3760,-19.7710,1808.234,2.19397
21.4187,-19.7651,1711.224,2.24730
21.4613,-19.0802,1596.323,2.35472
21.5040,-19.2810,1381.594,2.17520
21.5467,-19.1854,1185.984,2.11505
21.5893,-19.3471,1042.080,2.13671
21.6320,-18.6541,1029.466,2.11093
21.6747,-18.8073,1006.671,2.08193
21.7173,-19.3668,889.108,2.68942
21.7600,-19.4908,865.269,2.43878
21.8027,-19.8159,867.680,2.42694
21.8453,-19.4358,943.561,2.71335
21.8880,-19.3020,1082.536,2.49446
21.9307,-19.2186,1029.532,2.65569
21.9733,-19.0415,940.949,2.77085
22.0160,-19.0814,943.966,2.80969
22.0587,-19.0005,1015.245,2.80671
22.1013,-18.9302,1021.424,2.70814
22.1440,-18.7646,1115.683,2.76619
22.1867,-18.4812,1145.833,2.72773
22.2293,-18.2941,1147.020,2.95441
22.2720,-18.5004,1362.014,2.86499
22.3147,-18.7760,1521.338,2.74212
22.3573,-18.8632,1665.945,2.19603
22.4000,-18.8976,1705.387,2.26841
22.4427,-18.5301,1677.089,2.39173
22.4853,-18.5930,1557.332,2.07284
22.5280,-18.4956,1485.749,1.91757
22.5707,-18.6808,1438.127,1.81948
22.6133,-18.4583,1403.840,1.78257
22.6560,-18.3052,1390.975,1.70832
22.6987,-18.4884,1287.317,2.20201
22.7413,-18.6625,1322.830,2.16703
22.7840,-19.2338,1385.245,2.11924
22.8267,-19.0735,1468.052,2.37408
22.8693,-19.0087,1588.354,2.20826
22.9120,-18.9525,1483.835,2.33155
22.9547,-18.8515,1320.816,2.47629
22.9973,-18.8428,1206.426,2.42355
23.0400,-18.7387,1171.840,2.38592
23.0827,-18.6221,1067.111,2.30522
23.1253,-18.3236,998.841,2.30640
23.1680,-18.0861,905.567,2.32378
23.2107,-17.8379,776.980,2.85883
23.2533,-17.9847,841.457,2.75603
23.2960,-18.1713,874.552,2.83930
23.3387,-18.1724,927.623,2.45435
23.3813,-18.1452,949.404,2.46263
23.4240,-17.6931,941.111,2.55085
23.4667,-17.7702,868.994,2.39381
23.5093,-17.6492,849.099,2.25816
23.5520,-17.8532,829.110,2.14955
23.5947,-17.7746,812.868,2.18650
23.6373,-17.8978,860.169,2.24676
23.6800,-18.0751,842.506,2.31384
23.7227,-18.0625,859.861,2.22551
23.7653,-18.8245,959.361,2.22075
23.8080,-18.8310,1082.000,2.60423
23.8507,-18.9735,1197.361,2.33895
23.8933,-18.8977,1147.429,2.40783
23.9360,-18.5893,1057.777,2.47293
23.9787,-18.9789,1050.925,2.36203
24.0213,-18.9361,1206.392,2.43787
24.0640,-19.2557,1297.765,2.52858
24.1067,-18.9931,1323.630,2.44911
24.1493,-18.6737,1278.608,2.51024
24.1920,-18.4253,1181.237,2.94368
24.2347,-17.9506,1285.040,2.73477
24.2773,-18.0571,1373.837,2.65303
24.3200,-17.9498,1366.170,2.67842
24.3627,-17.9776,1235.492,2.69890
24.4053,-17.8675,1091.244,2.74519
24.4480,-17.6052,954.609,2.42283
24.4907,-17.4841,929.424,2.20540
24.5333,-17.3201,937.594,2.18963
24.5760,-17.4402,918.292,2.11819
24.6187,-17.5175,940.551,2.13594
24.6613,-17.5461,938.184,2.23446
24.7040,-17.8747,929.493,2.12572
24.7467,-18.4862,956.310,2.08583
24.7893,-18.3648,999.484,2.07001
24.8320,-18.4374,1090.840,1.70972
24.8747,-18.3496,1107.094,1.84988
24.9173,-18.1661,1087.569,1.97640
24.9600,-18.2850,1046.479,1.92148
25.0027,-18.0987,1032.273,1.96265
25.0453,-17.9796,1037.715,2.01332
25.0880,-17.8154,1077.178,2.01135
25.1307,-17.7913,1083.606,1.95377
25.1733,-17.7889,991.467,2.30755
25.2160,-17.7986,1019.209,2.24031
25.2587,-18.2805,1040.787,2.15973
25.3013,-18.2485,1082.460,2.01130
25.3440,-18.3350,1166.201,1.99286
25.3867,-18.0914,1163.760,1.97423
25.4293,-18.0832,1080.160,2.01714
25.4720,-18.2188,1032.525,1.97662
25.5147,-18.2215,1003.225,1.92902
25.5573,-18.4841,989.927,1.89157
25.6000,-18.5272,1009.800,1.82369
25.6427,-18.4995,1002.006,2.11533
25.6853,-18.6568,955.950,2.03474
25.7280,-18.8810,936.288,1.99912
25.7707,-18.7785,926.845,2.48233
25.8133,-18.8609,1002.749,2.14254
25.8560,-19.4964,963.944,2.29833
25.8987,-19.1249,863.463,2.57474
25.9413,-18.9935,895.653,2.59186
25.9840,-19.1562,854.014,2.55966
26.0267,-18.9128,812.702,2.67893
26.0693,-18.9267,907.983,2.59938
26.1120,-19.0256,964.867,2.58688
26.1547,-19.0861,948.505,2.92744
26.1973,-19.3863,1109.393,2.81819
26.2400,-19.7236,1277.228,2.82229
26.2827,-19.4803,1292.423,2.58241
26.3253,-18.8301,1370.278,2.63974
26.3680,-18.7545,1380.832,2.65529
26.4107,-18.9003,1253.799,2.25869
26.4533,-18.6331,1226.741,2.25108
26.4960,-18.6388,1210.157,2.13687
26.5387,-18.6738,1154.872,1.99819
26.5813,-18.4987,1131.909,1.97373
26.6240,-18.1793,1085.225,2.13744
26.6667,-18.0208,1057.210,2.07180
26.7093,-18.4741,1078.272,2.05711
26.7520,-18.5900,1133.702,2.06635
26.7947,-18.8109,1264.802,1.71433
26.8373,-18.8138,1236.572,1.76012
26.8800,-18.3977,1159.678,2.04551
26.9227,-18.6070,1056.176,1.97465
26.9653,-18.5646,986.269,1.88740
27.0080,-18.5699,949.880,1.89676
27.0507,-18.5235,960.398,1.82872
27.0933,-18.4352,948.797,1.76117
27.1360,-18.2532,804.511,2.46148
27.1787,-18.2309,830.736,2.33250
27.2213,-18.4201,864.310,2.31338
27.2640,-18.0330,896.331,2.15831
27.3067,-17.9689,998.618,2.08985
27.3493,-17.8814,1024.905,2.09224
27.3920,-17.8575,950.065,2.19266
27.4347,-17.8505,912.056,2.17102
27.4773,-17.8030,895.902,2.21200
27.5200,-18.1078,920.855,2.33547
27.5627,-18.3267,969.849,2.43087
27.6053,-18.4527,941.009,2.62786
27.6480,-18.5951,867.026,2.55204
27.6907,-19.0967,892.389,2.69135
27.7333,-19.1166,953.999,3.12600
27.7760,-19.1402,1043.644,2.50094
27.8187,-19.5983,1025.883,2.55194
27.8613,-19.2174,923.719,2.65844
27.9040,-19.0020,930.691,2.62327
27.9467,-18.9969,967.689,2.62175
27.9893,-18.7236,959.630,2.70788
28.0320,-18.6734,974.448,2.61254
28.0747,-18.7389,961.824,2.58941
28.1173,-18.5202,897.538,2.94467
28.1600,-18.4934,996.437,2.54226
28.2027,-18.7761,1089.700,2.42800
28.2453,-18.9614,1069.975,2.27987
28.2880,-19.0302,1095.516,2.31359
28.3307,-18.9574,1159.502,2.18539
28.3733,-18.9366,1120.993,1.92229
28.4160,-19.0052,1096.350,1.84502
28.4587,-19.1486,1084.588,1.87758
28.5013,-18.9561,1055.508,1.85149
28.5440,-19.0019,1104.192,1.85790
28.5867,-18.8997,1070.658,2.09350
28.6293,-18.9248,1070.918,2.09940
28.6720,-19.4839,1050.328,2.09471
28.7147,-19.1822,1051.485,2.16602
28.7573,-18.5473,1195.480,1.82413
28.8000,-18.3084,1188.564,2.03323
28.8427,-18.2789,1132.023,2.09476
28.8853,-18.0377,1023.823,2.10403
28.9280,-17.7462,1012.649,2.10394
28.9707,-17.7350,994.515,2.10145
29.0133,-17.7147,1003.467,2.03163
29.0560,-17.6934,994.484,2.00668
29.0987,-17.8377,876.073,2.38754
29.1413,-17.8493,901.080,2.31440
29.1840,-18.3980,965.474,2.29754
29.2267,-18.2992,1010.881,2.05990
29.2693,-18.2216,1112.846,2.00717
29.3120,-18.1443,1126.284,2.07891
29.3547,-18.3757,1058.556,2.10312
29.3973,-18.3576,1030.017,2.03134
29.4400,-18.4685,1018.713,1.81167
29.4827,-18.5615,1009.551,1.96022
29.5253,-18.5427,1035.917,1.92983
29.5680,-18.5631,1027.403,2.35180
29.6107,-18.6020,977.132,2.47402
29.6533,-18.9159,1061.065,2.39876
29.6960,-19.0382,1078.404,2.37801
29.7387,-19.3427,1411.829,1.96476
29.7813,-19.9880,1531.597,2.60196
29.8240,-19.4122,1610.060,2.58919
29.8667,-19.4090,1703.253,2.63691
29.9093,-19.5765,1734.882,2.59714
29.9520,-19.3339,2137.132,2.99393
29.9947,-19.5379,2440.382,2.88547
30.0373,-19.2642,2616.450,3.27820
30.0800,-19.1634,2545.674,3.46546
30.1227,-19.1635,2801.544,3.21735
30.1653,-19.5657,2936.610,3.38545
30.2080,-19.2979,3288.929,2.95362
30.2507,-18.7295,3547.664,2.99718
30.2933,-19.1560,3195.776,3.07836
30.3360,-18.9159,3140.836,3.15393
30.3787,-18.7232,3304.944,3.28342
30.4213,-18.7964,3445.123,2.80816
30.4640,-18.6034,3593.690,2.79705
30.5067,-18.7366,3853.352,2.81014
30.5493,-18.6283,3886.951,2.99100
30.5920,-18.6500,4212.743,2.48183
30.6347,-18.9561,4649.119,2.56257
30.6773,-19.1653,4854.805,2.20328
30.7200,-19.4197,5114.245,1.99330
30.7627,-19.4441,5041.746,2.24132
30.8053,-19.3245,4969.773,2.29033
30.8480,-19.1629,5031.257,2.24794
30.8907,-19.1090,4804.030,2.12875
30.9333,-19.1384,4651.637,2.04900
30.9760,-19.0878,4695.807,2.01309
31.0187,-19.1115,4671.346,1.98808
31.0613,-19.0506,4685.619,2.03340
31.1040,-19.1444,4930.517,2.05061
31.1467,-19.3512,5010.612,1.96346
31.1893,-18.9064,5107.543,1.99471
31.2320,-18.6042,5229.874,2.04558
31.2747,-18.8019,5049.083,2.00192
31.3173,-18.4312,4808.495,1.97410
31.3600,-18.1233,4731.534,2.20730
31.4027,-17.7576,4585.994,2.00939
31.4453,-17.1108,4552.459,1.80857
31.4880,-17.0757,4324.463,1.99132
31.5307,-16.4216,4131.210,2.03046
31.5733,-15.6177,4273.829,2.02944
31.6160,-15.3332,4278.408,2.01837
31.6587,-15.5214,4262.108,1.94327
31.7013,-15.3297,3921.165,1.82833
31.7440,-15.5831,3522.972,1.89054
31.7867,-15.8656,3002.642,2.00677
31.8293,-15.8270,2751.800,1.88107
31.8720,-16.4496,2380.698,1.87971
31.9147,-16.7861,1872.157,1.91688
31.9573,-16.7913,1703.803,1.98251
32.0000,-17.4460,1438.651,1.85235
32.0427,-18.1417,1352.506,2.11156
32.0853,-18.6015,1377.782,2.09440
32.1280,-18.5202,1477.673,1.96756
32.1707,-18.6845,1476.192,1.92868
32.2133,-18.6254,1471.514,1.90641
32.2560,-18.3774,1451.431,1.93164
32.2987,-18.3513,1382.621,1.96844
32.3413,-18.0526,1374.453,1.88422
32.3840,-17.9146,1352.840,1.89798
32.4267,-17.8329,1320.698,1.96387
32.4693,-17.5770,1261.154,1.84380
32.5120,-17.2607,1229.785,2.09600
32.5547,-17.4138,1190.744,2.15242
32.5973,-17.4459,1197.922,2.31859
32.6400,-17.1116,1138.705,2.33819
32.6827,-16.9724,1096.931,2.09352
32.7253,-17.3017,1103.038,2.10207
32.7680,-17.0573,1096.170,2.14840
32.8107,-17.1165,1087.451,2.07904
32.8533,-17.3845,1069.418,2.09882
32.8960,-17.2537,1076.332,2.11936
32.9387,-17.1374,1096.487,2.05426
32.9813,-17.0679,1131.459,2.04083
33.0240,-16.8355,1125.914,2.41074
33.0667,-17.2573,1102.435,2.24492
33.1093,-17.2418,1067.588,2.25676
33.1520,-16.8642,1037.253,2.00351
33.1947,-16.9376,1053.670,1.86727
33.2373,-17.1342,987.767,1.61672
33.2800,-16.7036,868.845,2.06696
33.3227,-16.7521,789.018,2.01703
33.3653,-16.7362,739.248,1.98285
33.4080,-16.8747,694.358,2.15973
33.4507,-16.9735,767.512,2.11885
33.4933,-17.0847,716.793,2.63139
33.5360,-17.2123,662.403,2.68464
33.5787,-17.5793,710.163,2.70383
33.6213,-17.7176,714.889,2.79952
33.6640,-17.5817,751.560,2.54524
33.7067,-17.7234,804.420,2.64712
33.7493,-17.6180,818.967,2.73084
33.7920,-17.5310,728.680,2.75795
33.8347,-17.5599,796.250,2.81917
33.8773,-17.5185,832.782,3.01708
33.9200,-17.6098,865.184,2.47202
33.9627,-17.4791,950.470,2.49763
34.0053,-17.2384,953.168,2.96883
34.0480,-17.5110,1008.438,2.70931
34.0907,-17.3934,1092.928,2.76353
34.1333,-17.0339,1091.458,2.27445
34.1760,-17.1879,1124.171,2.18568
34.2187,-17.4089,1124.043,2.15345
34.2613,-17.0491,1067.964,2.39481
34.3040,-17.1007,1020.486,2.17719
34.3467,-16.8490,1004.616,2.14680
34.3893,-16.8131,924.559,2.25043
34.4320,-16.8523,917.129,2.18999
34.4747,-16.6795,915.983,2.45297
34.5173,-16.5722,854.180,2.41143
34.5600,-16.9372,864.755,2.51162
34.6027,-16.8405,846.355,2.73562
34.6453,-16.2951,832.588,2.39775
34.6880,-16.6034,866.785,2.44846
34.7307,-16.5903,886.735,2.60246
34.7733,-16.4566,866.666,2.60078
34.8160,-16.6314,909.671,2.61253
34.8587,-16.5288,929.049,2.65388
34.9013,-16.6122,1003.626,2.38557
34.9440,-17.0252,1067.661,2.53213
34.9867,-17.5765,1097.738,2.82099
35.0293,-18.0710,1131.767,2.66324
35.0720,-18.2458,1221.815,2.64973
35.1147,-18.4169,1231.968,2.45814
35.1573,-18.2910,1259.882,2.32120
35.2000,-18.2567,1300.212,2.22682
35.2427,-18.1696,1234.615,2.40112
35.2853,-18.4827,1235.012,2.32618
35.3280,-18.3735,1239.823,2.40058
35.3707,-18.5579,1171.510,2.32619
35.4133,-18.5492,1202.479,2.28679
35.4560,-18.0039,1171.663,2.63379
35.4987,-17.6516,1085.422,2.76842
35.5413,-17.9478,1033.449,2.73113
35.5840,-17.6670,966.205,2.71439
35.6267,-17.4266,899.173,2.45183
35.6693,-17.7413,868.027,2.46278
35.7120,-17.4836,880.086,2.54108
35.7547,-17.0458,811.148,2.53502
35.7973,-17.4657,827.392,2.53058
35.8400,-17.7112,867.787,2.52244
35.8827,-17.2625,959.047,2.25118
35.9253,-17.0342,1184.237,2.23218
35.9680,-16.9435,1193.705,3.06576
36.0107,-17.1026,1174.567,2.89910
36.0533,-17.4399,1180.918,2.87281
36.0960,-17.2602,1091.872,2.48668
36.1387,-16.7434,1200.892,2.28839
36.1813,-16.6407,1210.314,2.26800
36.2240,-16.6693,1069.891,2.61935
36.2667,-16.5889,831.288,2.53701
36.3093,-16.2596,821.255,2.50947
36.3520,-16.2350,799.676,2.82916
36.3947,-16.3519,983.943,2.68762
36.4373,-16.6414,995.148,3.18621
36.4800,-16.7398,804.174,3.33737
36.5227,-17.1381,798.207,3.51233
36.5653,-16.9927,796.797,3.53908
36.6080,-17.0091,868.071,2.63341
36.6507,-17.0974,876.120,2.77515
36.6933,-17.0400,905.394,2.87490
36.7360,-16.8051,694.410,3.00992
36.7787,-16.6005,734.963,3.04842
36.8213,-16.7471,814.022,3.08098
36.8640,-16.9736,847.327,2.70237
36.9067,-17.3521,1012.746,2.76160
36.9493,-17.7690,1026.552,3.20680
36.9920,-17.9501,1160.093,2.78346
37.0347,-18.1942,1293.955,2.83507
37.0773,-18.2889,1361.733,2.40781
37.1200,-18.3945,1444.550,2.28900
37.1627,-18.2680,1482.432,2.02536
37.2053,-18.7086,1409.389,2.37746
37.2480,-18.5525,1328.378,2.41697
37.2907,-18.7811,1362.396,2.37042
37.3333,-18.6700,1230.315,2.47827
37.3760,-18.3424,1324.414,2.38975
37.4187,-17.9529,1356.562,2.55066
37.4613,-17.9080,1398.518,2.53699
37.5040,-18.3127,1567.969,2.61513
37.5467,-18.5401,1858.420,2.58825
37.5893,-18.9962,2014.208,2.22250
37.6320,-19.0450,2109.880,2.37364
37.6747,-18.2502,2433.646,2.53110
37.7173,-18.3735,2342.048,2.53443
37.7600,-18.6600,2315.329,2.51143
37.8027,-18.7958,2212.736,2.52302
37.8453,-18.4149,2098.075,2.20137
37.8880,-18.1906,1921.198,2.17413
37.9307,-17.8041,1740.961,2.56400
37.9733,-17.6545,1610.504,2.38145
38.0160,-17.5489,1348.324,2.32078
38.0587,-17.0190,1234.439,2.12653
38.1013,-16.8287,1235.921,2.12632
38.1440,-16.8851,1213.974,2.03506
38.1867,-17.0863,1070.230,2.40859
38.2293,-16.7640,964.378,2.31475
38.2720,-16.6274,978.915,2.22666
38.3147,-16.5528,948.826,2.36773
38.3573,-16.7625,1023.013,2.26001
38.4000,-17.0090,1010.257,2.41964
38.4427,-17.0653,955.152,2.69484
38.4853,-17.4637,1020.737,2.62923
38.5280,-17.4307,1040.807,2.62737
38.5707,-17.5200,1053.601,2.25759
38.6133,-17.4465,1046.646,2.32529
38.6560,-16.9311,1048.465,2.35285
38.6987,-16.9027,910.619,2.57686
38.7413,-16.8194,929.672,2.54577
38.7840,-17.1687,939.345,2.53192
38.8267,-16.9908,872.982,2.29571
38.8693,-17.4603,969.448,2.37036
38.9120,-18.1038,959.430,2.87594
38.9547,-18.4861,984.758,2.54627
38.9973,-18.9861,1052.161,2.58356
39.0400,-19.1097,1093.349,2.52321
39.0827,-19.2196,1240.876,2.21181
39.1253,-19.1361,1341.082,2.20434
39.1680,-19.0132,1333.339,2.53496
39.2107,-19.1135,1256.465,2.48091
39.2533,-18.7854,1295.895,2.47129
39.2960,-18.7501,1245.504,2.73489
39.3387,-18.1666,1279.512,2.49647
39.3813,-17.7849,1278.950,2.48457
39.4240,-17.3089,1141.724,2.77337
39.4667,-17.4560,1154.806,2.67487
39.5093,-17.1425,1172.080,2.71502
39.5520,-17.0158,1168.569,2.37182
39.5947,-16.9370,1147.169,2.43068
39.6373,-16.6703,1111.929,2.41781
39.6800,-16.7775,954.590,2.53902
39.7227,-16.9285,960.660,2.56236
39.7653,-17.1823,973.382,2.53995
39.8080,-17.3665,894.152,2.32175
39.8507,-17.2661,1030.409,2.28266
39.8933,-17.4885,1050.368,3.10606
39.9360,-17.5157,1042.760,2.80331
39.9787,-18.0000,1144.563,2.78765
40.0213,-17.9947,1195.640,2.78548
40.0640,-18.0826,1277.764,2.75896
40.1067,-17.8893,1312.291,2.67202
40.1493,-17.6932,1248.787,3.09913
40.1920,-17.7764,1043.195,2.95698
40.2347,-17.5851,1101.882,2.96944
40.2773,-17.6862,1054.939,3.09962
40.3200,-17.7131,1129.910,2.91635
40.3627,-17.7687,1171.432,2.97577
40.4053,-18.2629,1002.030,3.52678
40.4480,-18.5490,966.554,3.43721
40.4907,-18.5517,993.463,3.48551
40.5333,-18.6333,1012.558,2.69823
40.5760,-19.1758,971.949,2.75525
40.6187,-18.8650,1070.037,2.84562
40.6613,-18.6345,962.053,3.07979
40.7040,-18.7602,932.362,2.81136
40.7467,-18.3227,978.317,2.86759
40.7893,-18.1844,994.466,2.39851
40.8320,-17.9986,1025.348,2.38070
40.8747,-17.5247,1073.625,2.69364
40.9173,-17.4499,1065.088,2.57929
40.9600,-17.8058,1083.155,2.52818
41.0027,-17.6877,1104.302,2.42391
41.0453,-17.2119,1144.150,1.97783
41.0880,-17.1435,1193.532,1.94453
41.1307,-17.3102,1141.051,2.08805
41.1733,-17.1500,1089.673,1.99459
41.2160,-17.2307,1104.648,2.05243
41.2587,-17.2571,1086.562,2.03406
41.3013,-17.0847,1092.260,1.86032
41.3440,-16.9271,1103.724,1.84126
41.3867,-17.0870,1069.378,1.94948
41.4293,-17.3533,1084.351,1.94594
41.4720,-17.6108,1171.691,2.05906
41.5147,-17.9766,1222.828,1.89435
41.5573,-18.3782,1251.483,1.86080
41.6000,-18.0217,1287.352,1.93871
41.6427,-17.9118,1277.944,2.14522
41.6853,-17.9622,1285.378,2.08217
41.7280,-17.7408,1301.499,2.12163
41.7707,-17.7950,1286.689,2.09553
41.8133,-17.7454,1307.963,2.11695
41.8560,-17.6326,1331.140,2.47954
41.8987,-17.6420,1334.054,2.48210
41.9413,-17.7054,1393.956,2.42562
41.9840,-17.2021,1397.199,2.44713
42.0267,-16.7993,1400.060,2.42633
42.0693,-16.7509,1422.257,2.35825
42.1120,-17.0486,1388.685,2.40460
42.1547,-16.9334,1323.047,2.25046
42.1973,-16.9435,1401.447,2.28519
42.2400,-16.8553,1356.761,2.52674
42.2827,-16.8652,1323.170,2.31021
42.3253,-16.6556,1304.988,2.25347
42.3680,-16.5398,1260.056,2.75332
42.4107,-16.8431,1313.005,2.65147
42.4533,-16.8744,1348.132,2.68244
42.4960,-16.8980,1311.656,2.26673
42.5387,-17.3234,1261.069,2.22804
42.5813,-16.9215,1310.996,2.30487
42.6240,-16.7599,1296.303,2.45647
42.6667,-16.9556,1289.908,2.34165
42.7093,-16.7457,1302.809,2.37076
42.7520,-16.5448,1247.290,2.37237
42.7947,-16.4521,1253.750,2.28390
42.8373,-16.3307,1260.764,2.67053
42.8800,-16.1594,1194.597,2.59079
42.9227,-16.4543,1195.054,2.57899
42.9653,-16.7564,1135.972,2.59347
43.0080,-16.7351,1115.524,2.00445
43.0507,-16.7496,1235.135,1.98006
43.0933,-16.6397,1226.763,2.11536
43.1360,-16.7320,1197.257,2.07417
43.1787,-16.9593,1208.633,2.07735
43.2213,-17.0367,1209.179,2.33204
43.2640,-17.1179,1179.189,2.22251
43.3067,-17.1220,1178.605,2.21088
43.3493,-16.9177,1114.856,2.64365
43.3920,-17.1259,1051.799,2.46723
43.4347,-16.7356,1097.857,2.55667
43.4773,-16.3863,1167.120,2.29235
43.5200,-16.6467,1209.166,2.15903
43.5627,-16.6508,1275.846,2.30549
43.6053,-16.3709,1407.709,2.79377
43.6480,-16.6793,1558.956,2.85227
43.6907,-16.9177,1751.362,2.94701
43.7333,-16.8628,1972.401,2.90295
43.7760,-16.8060,2131.542,2.90834
43.8187,-16.7597,2056.277,3.31601
43.8613,-16.7622,2002.259,3.12446
43.9040,-17.2516,1941.701,3.04867
43.9467,-17.0265,1778.472,3.04993
43.9893,-16.5445,1678.355,2.79093
44.0320,-17.0528,1576.384,2.77586
44.0747,-16.7370,1264.900,2.94224
44.1173,-16.4656,1048.225,2.89858
44.1600,-16.5149,1066.074,2.81767
44.2027,-16.7736,1074.050,2.72204
44.2453,-17.0633,1176.997,2.36482
44.2880,-17.6408,1232.120,2.32229
44.3307,-18.1111,1172.717,2.79145
44.3733,-18.5840,1161.274,2.66098
44.4160,-18.7389,1247.399,2.68920
44.4587,-18.9896,1224.284,2.36222
44.5013,-18.8685,1266.443,2.23669
44.5440,-18.9834,1341.948,2.26268
44.5867,-18.9001,1264.113,2.62000
44.6293,-18.9292,1229.115,2.41933
44.6720,-18.8630,1251.497,2.48194
44.7147,-18.7159,1206.192,2.46121
44.7573,-18.2454,1247.568,2.33919
44.8000,-17.5912,1220.205,2.86416
44.8427,-17.1580,1120.761,3.13608
44.8853,-17.6043,1044.276,3.01671
44.9280,-17.3063,954.321,3.02844
44.9707,-16.9056,952.913,2.44792
45.0133,-17.3236,1028.160,2.43163
45.0560,-16.9473,1028.068,2.55221
45.0987,-16.7899,889.302,2.62680
45.1413,-16.8408,872.548,2.70683
45.1840,-16.9962,846.831,3.25744
45.2267,-17.4127,854.067,2.99142
45.2693,-18.3034,985.006,3.05604
45.3120,-19.0841,960.630,3.39549
45.3547,-19.6681,1135.994,3.19867
45.3973,-19.7122,1464.539,3.30717
45.4400,-19.5698,1542.834,2.95018
45.4827,-19.4966,1591.409,2.69122
45.5253,-19.8925,1603.172,2.76380
45.5680,-19.5547,1565.486,2.99870
45.6107,-19.4291,1514.682,3.00045
45.6533,-19.4711,1494.971,3.05764
45.6960,-19.1266,1216.017,3.09467
45.7387,-18.7168,973.880,2.93460
45.7813,-17.7611,905.969,3.16571
45.8240,-17.0465,877.498,2.87994
45.8667,-17.3996,927.245,2.81115
45.9093,-17.5685,940.853,2.77228
45.9520,-17.3272,917.081,2.43887
45.9947,-17.2558,1012.953,2.42128
46.0373,-17.1934,1034.537,2.41805
46.0800,-17.2595,963.652,2.32515
46.1227,-17.0051,967.838,2.32352
46.1653,-17.1602,976.275,2.39636
46.2080,-17.1702,1016.667,2.16211
46.2507,-17.4034,1076.685,2.15252
46.2933,-17.7175,1066.659,2.58543
46.3360,-18.0425,1017.171,2.38620
46.3787,-18.0419,1045.079,2.42208
46.4213,-17.8406,1040.083,2.11769
46.4640,-17.9856,1073.168,1.87499
46.5067,-18.1613,1112.536,1.86604
46.5493,-17.7898,1112.501,2.16820
46.5920,-17.9793,1065.480,2.09295
46.6347,-18.0251,1066.775,2.10215
46.6773,-17.6853,1027.090,2.38181
46.7200,-17.9110,1060.293,2.26776
46.7627,-17.5779,1061.646,2.62530
46.8053,-17.2205,1020.357,2.92354
46.8480,-17.4827,1046.741,2.85370
46.8907,-17.7355,986.051,2.81983
46.9333,-17.9659,1006.761,2.37833
46.9760,-17.8372,1154.791,2.56875
47.0187,-17.6888,1252.967,2.94128
47.0613,-17.7072,1133.635,3.10804
47.1040,-17.4305,1095.433,3.02824
47.1467,-17.1110,1085.546,3.61648
47.1893,-16.4237,1113.610,3.30563
47.2320,-16.0829,1150.905,3.37817
47.2747,-15.9780,1115.380,3.78693
47.3173,-16.4036,966.818,3.43593
47.3600,-16.2637,928.222,3.61872
47.4027,-15.6490,1017.995,3.43354
47.4453,-15.9667,1041.737,3.26519
47.4880,-16.1033,1046.168,3.34414
47.5307,-15.7460,932.055,3.84881
47.5733,-16.0480,930.871,3.85248
47.6160,-16.5277,978.141,3.69052
47.6587,-17.0805,1014.580,3.58037
47.7013,-17.3184,1217.463,3.40906
47.7440,-17.8989,1264.948,3.55940
47.7867,-17.6248,1255.094,3.29400
47.8293,-18.0947,1426.744,3.25941
47.8720,-17.9689,1524.218,3.21464
47.9147,-17.6293,1554.068,2.94006
47.9573,-18.0082,1597.054,2.96392
48.0000,-17.7783,1588.264,2.87658
48.0427,-17.4892,1353.497,2.94444
48.0853,-17.6049,1295.104,2.72744
48.1280,-17.9483,1327.059,2.74104
48.1707,-18.2736,1263.091,2.39667
48.2133,-17.7463,1351.813,2.38324
48.2560,-17.7926,1313.814,2.77697
48.2987,-17.8769,1234.849,2.69831
48.3413,-18.3784,1237.659,2.68124
48.3840,-18.2930,1189.949,2.58507
48.4267,-17.7659,1219.283,2.27473
48.4693,-17.7172,1283.240,2.37116
48.5120,-17.7020,1224.223,2.56003
48.5547,-17.5179,1085.421,2.42409
48.5973,-17.2225,1098.572,2.37887
48.6400,-16.9896,1145.715,2.43010
48.6827,-17.2168,1243.192,2.13239
48.7253,-17.4140,1305.759,2.10014
48.7680,-17.2232,1240.183,2.64653
48.8107,-17.6491,1196.672,2.52092
48.8533,-17.5181,1122.691,2.45409
48.8960,-17.4603,1125.105,2.17682
48.9387,-17.4012,1135.117,1.98604
48.9813,-17.4142,1061.940,2.08539
49.0240,-17.5314,858.169,2.34965
49.0667,-17.2703,816.422,2.33378
49.1093,-17.3286,774.311,2.29984
49.1520,-17.2649,755.956,2.40907
49.1947,-16.9427,834.188,2.40894
49.2373,-17.2342,775.294,2.79207
49.2800,-16.9157,712.500,2.64089
49.3227,-17.1743,863.550,2.85571
49.3653,-17.1488,917.751,3.02598
49.4080,-17.3602,929.718,2.56476
49.4507,-17.4577,948.600,2.66247
49.4933,-16.9490,894.781,2.96158
49.5360,-17.0269,902.069,2.82991
49.5787,-17.1329,997.377,2.85473
49.6213,-17.2379,1065.238,2.90192
49.6640,-17.5038,1082.761,2.69920
49.7067,-17.1295,1157.689,2.72978
49.7493,-17.5477,1195.991,3.21994
49.7920,-18.0616,1341.089,2.89569
49.8347,-18.2016,1536.415,2.90337
49.8773,-18.4987,1529.904,2.57496
49.9200,-18.4724,1589.319,2.63669
49.9627,-18.4156,1629.892,2.57030
50.0053,-18.3785,1510.694,2.58384
50.0480,-18.4764,1470.511,2.46199
50.0907,-18.2277,1445.294,2.45861
50.1333,-18.2815,1350.452,2.38343
50.1760,-18.3083,1249.886,2.37900
50.2187,-17.6695,1219.125,2.58062
50.2613,-17.3971,1115.474,2.60080
50.3040,-17.5860,1061.268,2.53551
50.3467,-17.1586,1023.302,2.54056
50.3893,-17.0201,1009.117,2.04516
50.4320,-17.2070,1029.741,2.09307
50.4747,-16.9042,1034.028,2.54928
50.5173,-16.9244,983.822,2.50401
50.5600,-16.9781,949.785,2.52340
50.6027,-16.4992,904.724,2.56881
50.6453,-16.8034,917.124,2.36017
50.6880,-17.1508,899.774,2.37172
50.7307,-17.3190,871.977,2.87926
50.7733,-17.5835,875.338,2.67817
50.8160,-17.5104,853.544,2.68093
50.8587,-17.2543,832.910,2.57790
50.9013,-17.3081,897.180,2.41133
50.9440,-17.3611,918.851,2.40094
50.9867,-17.0422,842.804,2.65302
51.0293,-17.3616,867.039,2.69745
51.0720,-17.6109,851.857,2.73215
51.1147,-17.3923,795.525,2.57096
51.1573,-17.2929,851.141,2.56343
51.2000,-17.2126,821.677,3.01937
51.2427,-17.9357,741.199,2.88528
51.2853,-18.2576,797.268,2.93657
51.3280,-18.3846,848.785,2.93430
51.3707,-18.5752,864.813,2.45132
51.4133,-18.4113,900.297,2.54347
51.4560,-18.1555,900.739,2.87673
51.4987,-18.0100,838.477,2.71906
51.5413,-17.8437,888.896,2.70871
51.5840,-17.6199,913.265,2.78413
51.6267,-17.4022,953.895,2.49413
51.6693,-17.3559,960.471,2.45891
51.7120,-16.5167,939.053,2.96407
51.7547,-16.9334,957.537,2.63591
51.7973,-17.1742,980.988,2.62924
51.8400,-16.5709,1007.025,2.27489
51.8827,-16.5338,1146.181,2.30237
51.9253,-16.8397,1169.609,2.25799
51.9680,-16.7971,1036.554,2.58955
52.0107,-16.8115,1041.930,2.50161
52.0533,-17.1498,1036.384,2.49068
52.0960,-17.0909,999.372,2.32342
52.1387,-17.3680,1107.557,2.30967
52.1813,-17.3066,1066.292,2.85827
52.2240,-17.4314,921.107,2.85273
52.2667,-17.3312,935.136,2.91331
52.3093,-17.3382,960.959,2.94603
52.3520,-17.4009,1009.794,2.47009
52.3947,-17.5248,1087.307,2.68131
52.4373,-17.4548,1165.500,2.71807
52.4800,-17.6155,1165.658,2.65253
52.5227,-17.6052,1337.434,2.63661
52.5653,-17.6295,1580.411,2.73059
52.6080,-17.6414,1658.476,2.40119
52.6507,-17.6278,1733.723,2.41967
52.6933,-17.7119,1675.621,2.87136
52.7360,-18.0255,1633.357,2.68774
52.7787,-18.1544,1661.476,2.70173
52.8213,-18.1821,1563.327,2.26857
52.8640,-18.1001,1487.837,2.18386
52.9067,-17.8111,1273.590,2.10034
52.9493,-17.6485,1166.815,2.48072
52.9920,-17.7986,1138.496,2.35670
53.0347,-17.8406,1115.660,2.61729
53.0773,-17.9632,1077.859,2.82356
53.1200,-18.1929,1096.430,2.79033
53.1627,-17.9577,1039.706,3.05570
53.2053,-17.9334,995.139,2.95767
53.2480,-18.3090,1088.519,3.02017
53.2907,-18.1156,1132.091,3.12008
53.3333,-18.0577,1113.181,2.75637
53.3760,-18.3840,1095.120,2.81439
53.4187,-18.0586,1104.021,2.87925
53.4613,-17.6510,1032.362,2.85916
53.5040,-18.3240,1116.756,2.92950
53.5467,-17.7848,1132.304,3.12817
53.5893,-17.7593,1172.561,2.71070
53.6320,-17.8026,1198.320,2.74789
53.6747,-17.5796,1238.202,2.79111
53.7173,-18.0355,1423.501,2.56578
53.7600,-18.3422,1511.783,2.50587
53.8027,-18.5655,1536.673,2.23248
53.8453,-18.6694,1548.958,2.21070
53.8880,-18.7026,1616.828,2.22394
53.9307,-18.5456,1506.799,2.42908
53.9733,-18.1338,1463.827,2.27851
54.0160,-18.3894,1413.830,2.26327
54.0587,-18.2814,1299.504,2.46780
54.1013,-18.2016,1349.202,2.36121
54.1440,-18.1636,1285.349,2.84441
54.1867,-18.0133,1227.270,2.86099
54.2293,-18.1184,1132.737,2.84829
54.2720,-17.5690,1120.340,2.85718
54.3147,-17.1686,1108.269,2.38979
54.3573,-17.6111,1144.385,2.49405
54.4000,-17.5217,1118.141,2.82968
54.4427,-17.4407,1022.662,2.76978
54.4853,-17.2194,1020.648,2.78606
54.5280,-17.0337,1009.928,2.72312
54.5707,-16.9081,1059.416,2.46008
54.6133,-16.9587,1018.907,2.44581
54.6560,-16.7653,989.381,2.99126
54.6987,-16.9007,958.040,2.69168
54.7413,-16.9230,978.689,2.70921
54.7840,-16.7511,925.341,2.21249
54.8267,-16.6167,1001.827,2.06708
54.8693,-16.7735,1028.633,2.13841
54.9120,-16.4040,951.871,2.45213
54.9547,-16.7031,962.442,2.42638
54.9973,-16.7253,979.612,2.32196
55.0400,-16.8240,1028.044,2.30311
55.0827,-17.0360,1078.696,2.30846
55.1253,-17.1349,1125.323,2.42745
55.1680,-17.1492,1070.883,2.74278
55.2107,-17.6962,1142.889,2.79453
55.2533,-17.9386,1137.860,2.84009
55.2960,-17.9587,1115.156,2.33334
55.3387,-17.9342,1201.390,2.43466
55.3813,-17.8606,1290.409,2.52521
55.4240,-17.7160,1225.957,2.65359
55.4667,-17.9915,1221.116,2.65909
55.5093,-18.1223,1195.335,2.76990
55.5520,-17.9431,1134.837,2.41911
55.5947,-17.8299,1213.940,2.44522
55.6373,-17.9516,1195.522,3.05741
55.6800,-17.8814,1143.863,2.73199
55.7227,-17.7941,1018.860,2.77493
55.7653,-17.3806,968.807,2.66305
55.8080,-17.1093,1009.950,2.34014
55.8507,-17.0847,1029.696,2.28107
55.8933,-17.1686,967.312,2.51364
55.9360,-17.0245,874.910,2.49138
55.9787,-16.8187,903.356,2.45540
56.0213,-16.7298,848.111,2.58420
56.0640,-16.7986,895.317,2.44855
56.1067,-16.7078,889.159,2.47933
56.1493,-16.7340,802.119,2.63440
56.1920,-17.1891,822.946,2.64683
56.2347,-17.1526,852.231,2.66987
56.2773,-17.2256,880.798,2.05184
56.3200,-17.1388,937.419,2.11331
56.3627,-16.7614,980.896,2.15555
56.4053,-16.9756,897.113,2.28143
56.4480,-16.8530,918.060,2.26184
56.4907,-16.9150,946.774,2.23563
56.5333,-16.7890,930.543,2.04319
56.5760,-16.9464,982.637,2.00985
56.6187,-16.9860,954.399,2.64624
56.6613,-17.0812,894.643,2.40749
56.7040,-17.3113,873.839,2.35471
56.7467,-17.1349,879.214,2.27056
56.7893,-17.0995,964.108,1.90753
56.8320,-16.9368,973.872,1.88730
56.8747,-16.8811,911.891,2.34695
56.9173,-16.8068,827.679,2.32800
56.9600,-17.0387,833.469,2.30006
57.0027,-16.9919,778.804,2.59951
57.0453,-16.9530,952.863,2.42358
57.0880,-16.8561,956.858,2.73709
57.1307,-16.7820,820.729,3.00838
57.1733,-17.2415,915.935,2.96895
57.2160,-17.2143,1030.735,3.00945
57.2587,-17.3832,1079.076,2.81754
57.3013,-17.8410,1110.164,2.88513
57.3440,-17.4118,1123.317,3.00754
57.3867,-17.4327,906.528,3.26981
57.4293,-17.2832,1026.169,3.28875
57.4720,-17.3742,1131.898,3.35525
57.5147,-17.3955,1082.614,2.99247
57.5573,-17.3911,1194.601,3.00907
57.6000,-17.3634,1254.340,3.61248
57.6427,-17.3167,1283.284,3.19659
57.6853,-17.6003,1399.399,3.26997
57.7280,-17.3780,1454.827,3.14135
57.7707,-17.1121,1414.895,2.84657
57.8133,-17.3993,1409.383,2.83537
57.8560,-17.2173,1362.311,3.10739
57.8987,-17.3229,1263.361,2.67029
57.9413,-17.4013,1191.482,2.63886
57.9840,-17.2433,1146.289,2.80478
58.0267,-17.6035,1172.597,2.53242
58.0693,-17.5115,1177.233,2.60453
58.1120,-17.2688,1127.164,2.87491
58.1547,-17.7837,1110.413,2.76303
58.1973,-17.8856,1089.891,2.78652
58.2400,-17.8781,1023.133,2.19149
58.2827,-17.8953,1072.525,2.25474
58.3253,-17.8292,1138.175,2.27803
58.3680,-17.7032,1070.217,2.35875
58.4107,-17.6294,1036.104,2.33505
58.4533,-17.6616,1003.642,2.39052
58.4960,-17.5779,986.577,2.20230
58.5387,-17.4769,1023.241,2.11986
58.5813,-17.5472,1009.225,2.81315
58.6240,-17.6194,930.950,2.54329
58.6667,-17.8442,870.565,2.56197
58.7093,-17.4999,801.802,2.43926
58.7520,-17.3099,860.782,2.14784
58.7947,-17.5444,903.368,2.11491
58.8373,-17.2663,870.462,2.51578
58.8800,-17.3228,804.613,2.62063
58.9227,-17.4905,778.520,2.78240
58.9653,-17.1735,743.053,2.84665
59.0080,-17.6671,864.078,2.59273
59.0507,-17.8364,902.676,2.77925
59.0933,-17.4979,891.350,3.02314
59.1360,-17.9074,926.597,2.89765
59.1787,-17.9572,947.947,2.99331
59.2213,-17.7356,982.240,2.45923
59.2640,-17.8276,1023.768,2.45911
59.3067,-17.9070,1058.704,2.50269
59.3493,-17.6230,929.531,2.96825
59.3920,-17.5150,948.954,2.91097
59.4347,-17.3660,905.115,2.96893
59.4773,-16.9347,911.953,2.60839
59.5200,-16.7950,1006.574,2.47719
59.5627,-16.9747,1028.316,2.84938
59.6053,-17.0494,1078.752,2.78217
59.6480,-17.2349,1176.408,2.75865
59.6907,-17.3019,1179.664,2.61832
59.7333,-17.1805,1218.378,2.47977
59.7760,-17.3001,1325.444,2.45291
59.8187,-17.1154,1272.198,2.65056
59.8613,-17.3257,1189.189,2.48429
59.9040,-17.5254,1239.862,2.53233
59.9467,-17.6094,1203.658,2.56954
59.9893,-17.4498,1248.389,2.25617
60.0320,-17.4014,1279.988,2.33433
60.0747,-17.4464,1192.060,2.73778
60.1173,-17.8383,1129.778,2.66319
60.1600,-17.7256,1224.630,2.69806
60.2027,-17.5395,1229.285,2.19782
60.2453,-17.6975,1209.641,2.19552
60.2880,-17.9085,1225.092,2.20626
60.3307,-17.3848,1158.668,2.36208
60.3733,-17.5668,1142.754,2.17154
60.4160,-17.3102,1159.022,2.25225
60.4587,-17.4084,1156.238,2.11470
60.5013,-17.2129,1075.945,2.12322
60.5440,-17.0710,1039.725,2.76737
60.5867,-17.2522,955.828,2.82227
60.6293,-17.4590,939.511,2.69720
60.6720,-17.7309,909.836,2.66580
60.7147,-17.7199,927.657,2.19300
60.7573,-17.5738,1066.554,2.21625
60.8000,-17.3587,1056.729,2.55964
60.8427,-17.5095,1016.569,2.46918
60.8853,-17.6910,1010.157,2.44124
60.9280,-17.8149,1033.945,2.73899
60.9707,-17.7895,1117.904,2.49260
61.0133,-17.6799,1121.639,2.83834
61.0560,-17.7376,1035.171,3.22590
61.0987,-18.1875,916.800,3.10023
61.1413,-17.7501,919.010,3.09729
61.1840,-17.3539,1079.776,2.41403
61.2267,-17.6195,1231.666,2.40281
61.2693,-17.8043,1333.562,2.52111
61.3120,-17.2217,1288.645,2.50735
61.3547,-17.6302,1322.885,2.50320
61.3973,-17.4542,1558.861,2.97054
61.4400,-17.7360,1877.212,2.64318
61.4827,-17.7936,2009.053,2.65034
61.5253,-17.3707,1963.695,3.36068
61.5680,-17.1236,2229.679,3.02504
61.6107,-17.5456,2409.490,3.02265
61.6533,-17.3435,2465.275,3.23094
61.6960,-16.9883,2681.137,2.76390
61.7387,-17.3305,2619.527,2.84417
61.7813,-17.2219,2446.834,2.98480
61.8240,-16.9027,2828.345,3.13271
61.8667,-16.9263,3120.304,2.98742
61.9093,-16.9786,3265.586,3.09621
61.9520,-17.1280,3505.399,3.08711
61.9947,-17.4137,3852.380,3.08280
62.0373,-17.8317,4060.667,2.74488
62.0800,-18.3230,4569.705,2.76716
62.1227,-18.4751,5046.237,2.82265
62.1653,-18.6670,5101.018,2.16743
62.2080,-18.7307,5006.207,2.42604
62.2507,-18.7159,4948.780,2.46116
62.2933,-18.4318,5030.917,1.99430
62.3360,-18.7994,5058.332,2.13279
62.3787,-18.6134,5227.365,2.03993
62.4213,-18.5486,5335.115,1.93966
62.4640,-18.4743,5250.074,1.93010
62.5067,-18.2294,5355.197,2.05513
62.5493,-17.9411,5653.970,1.82211
62.5920,-18.3259,5780.964,1.85305
62.6347,-18.0775,5874.990,2.06869
62.6773,-17.7059,5776.930,1.91573
62.7200,-18.0028,5400.840,1.92946
62.7627,-17.7466,5091.072,1.97795
62.8053,-17.3296,5112.679,1.89959
62.8480,-17.1960,4883.373,1.65721
62.8907,-16.7786,4847.017,1.87881
62.9333,-16.6265,4807.832,1.86872
62.9760,-16.1866,4626.196,1.81983
63.0187,-15.7473,4681.960,1.95184
63.0613,-15.3089,4900.832,1.89106
63.1040,-15.4622,4960.447,1.78558
63.1467,-15.1825,4635.612,1.80536
63.1893,-15.1592,4275.123,1.91024
63.2320,-15.4692,3699.795,1.93624
63.2747,-15.3207,3120.256,1.92148
63.3173,-15.6165,2658.016,1.92246
63.3600,-15.8307,2256.218,1.91462
63.4027,-15.9845,1830.945,2.00287
63.4453,-16.3195,1414.715,1.97632
63.4880,-16.7050,1192.997,2.25091
63.5307,-17.3371,1097.563,2.32189
63.5733,-17.7882,1180.602,2.24188
63.6160,-17.9380,1232.429,2.20210
63.6587,-17.8222,1243.565,2.16278
63.7013,-17.5414,1291.423,2.23195
63.7440,-17.4758,1251.269,2.27873
63.7867,-17.3768,1162.300,2.14841
63.8293,-17.3336,1151.492,2.09273
63.8720,-17.1444,1148.428,2.12874
63.9147,-17.0808,1124.906,1.99987
63.9573,-17.0798,1104.716,2.00311
64.0000,-17.1137,1035.572,2.49283
64.0427,-17.1916,975.024,2.31518
64.0853,-17.5240,969.755,2.39107
64.1280,-17.1688,971.696,2.22564
64.1707,-17.1352,1094.892,1.96631
64.2133,-17.3524,1114.290,1.99717
64.2560,-17.2619,1052.647,2.19665
64.2987,-17.2315,1089.243,2.11163
64.3413,-17.4530,1139.265,2.10536
64.3840,-17.4031,1103.226,2.16107
64.4267,-17.3537,1173.031,2.15258
64.4693,-17.4214,1180.489,2.28072
64.5120,-17.4050,1033.288,2.65509
64.5547,-17.5886,1090.634,2.56570
64.5973,-17.6221,1129.153,2.57673
64.6400,-17.5151,1135.082,2.05012
64.6827,-17.2356,1217.394,2.04957
64.7253,-17.2881,1196.608,2.11216
64.7680,-17.2840,1061.510,2.14795
64.8107,-17.1594,1087.038,2.10777
64.8533,-17.5471,1060.371,2.15078
64.8960,-17.5445,1038.057,2.15954
64.9387,-17.3781,1098.750,2.15925
64.9813,-17.3083,994.333,2.64065
65.0240,-17.3857,889.376,2.46466
65.0667,-17.5902,961.568,2.49982
65.1093,-17.5746,979.947,2.64964
65.1520,-17.4793,965.682,2.34824
65.1947,-17.1588,968.117,2.45156
65.2373,-17.3817,833.390,2.75317
65.2800,-17.2639,759.653,2.72620
65.3227,-17.0726,808.929,2.76969
65.3653,-17.0048,782.325,2.96285
65.4080,-17.0876,881.062,2.82951
65.4507,-17.2912,942.878,2.92565
65.4933,-17.3153,934.620,3.28857
65.5360,-17.9033,1133.599,3.03776
65.5787,-17.9182,1253.943,3.08061
65.6213,-17.9927,1282.605,2.78561
65.6640,-17.8397,1346.478,2.84578
65.7067,-17.4884,1364.680,2.86648
65.7493,-17.6684,1168.483,2.67247
65.7920,-17.5457,1191.003,2.52799
65.8347,-17.7525,1196.945,2.65279
65.8773,-17.5012,1043.050,2.43984
65.9200,-17.3125,1055.080,2.46550
65.9627,-17.3573,973.569,2.81373
66.0053,-17.3786,931.534,2.52003
66.0480,-17.8335,990.908,2.63714
66.0907,-17.8849,1019.900,2.62884
66.1333,-17.9437,1009.979,2.32378
66.1760,-17.7947,1034.421,2.45055
66.2187,-17.6482,1010.903,2.69484
66.2613,-17.6650,936.810,2.43523
66.3040,-17.4210,990.490,2.47656
66.3467,-17.4809,975.191,2.46717
66.3893,-17.5591,987.099,2.37410
66.4320,-17.3277,1012.399,2.47413
66.4747,-17.2221,977.885,2.71794
66.5173,-17.4631,974.311,2.62240
66.5600,-17.3102,1004.494,2.60693
66.6027,-17.2352,1054.295,2.45669
66.6453,-17.2003,1105.028,2.40698
66.6880,-17.0580,1088.642,2.42845
66.7307,-17.1257,986.427,2.53497
66.7733,-17.2245,1031.242,2.49663
66.8160,-17.3946,1018.660,2.47847
66.8587,-17.0446,1020.117,2.45215
66.9013,-17.0032,1105.726,2.49310
66.9440,-17.0074,1041.720,2.80822
66.9867,-17.0142,992.584,2.76123
67.0293,-17.3386,1121.212,2.76024
67.0720,-17.3277,1145.808,3.00996
67.1147,-17.3015,1104.344,2.62704
67.1573,-17.1575,1098.319,2.70330
67.2000,-17.0717,1032.507,2.94275
67.2427,-17.0421,1028.467,2.71666
67.2853,-16.9712,1121.740,2.73141
67.3280,-16.9759,1129.194,2.91577
67.3707,-17.0771,1177.796,2.70841
67.4133,-17.3955,1199.553,2.66532
67.4560,-17.5478,1173.968,3.32855
67.4987,-18.0560,1398.264,3.05256
67.5413,-17.9987,1532.555,3.02201
67.5840,-17.8927,1472.068,2.88783
67.6267,-17.7316,1500.318,2.91279
67.6693,-17.6322,1483.486,2.88534
67.7120,-17.7592,1259.182,2.74545
67.7547,-17.6708,1358.166,2.78239
67.7973,-17.7208,1410.513,2.82345
67.8400,-17.7334,1225.558,2.84704
67.8827,-17.7881,1237.531,2.82803
67.9253,-17.6991,1182.875,3.50113
67.9680,-17.7217,1115.988,3.25553
68.0107,-18.5666,1198.874,3.29460
68.0533,-18.7344,1222.071,3.31696
68.0960,-18.7759,1198.109,2.75695
68.1387,-18.7170,1179.164,2.83409
68.1813,-18.7025,1111.751,2.96826
68.2240,-18.5545,983.569,2.73802
68.2667,-18.6344,1046.256,2.74007
68.3093,-18.4278,1015.253,2.83932
68.3520,-18.4852,975.085,2.60911
68.3947,-18.3231,1011.838,2.55654
68.4373,-18.1800,951.254,3.06285
68.4800,-18.1098,975.473,2.73744
68.5227,-18.1109,1037.352,2.71749
68.5653,-18.0061,1095.135,2.20769
68.6080,-17.6966,1164.786,2.18173
68.6507,-17.5386,1155.103,2.24133
68.6933,-17.7075,1049.858,2.41968
68.7360,-17.6989,1073.429,2.21616
68.7787,-17.6507,1054.297,2.20126
68.8213,-17.1897,1084.210,2.26673
68.8640,-17.5444,1200.208,2.29015
68.9067,-17.4586,1262.441,2.71502
68.9493,-17.4721,1313.069,2.58270
68.9920,-17.7556,1527.956,2.60403
69.0347,-17.7507,1767.159,2.74222
69.0773,-17.7232,1849.744,2.32909
69.1200,-17.3462,1834.801,2.44070
69.1627,-17.4500,1728.347,2.62964
69.2053,-17.3949,1584.581,2.49380
69.2480,-17.5400,1543.689,2.49005
69.2907,-17.2226,1396.983,2.63561
69.3333,-17.1401,1270.654,2.40363
69.3760,-17.2687,1112.300,2.45927
69.4187,-17.1677,1027.368,3.08125
69.4613,-17.4733,1211.704,2.86687
69.5040,-18.0068,1340.900,2.81499
69.5467,-17.9885,1381.879,2.50989
69.5893,-17.9467,1514.165,2.54818
69.6320,-17.8218,1514.007,2.54437
69.6747,-17.8085,1403.067,2.71964
69.7173,-17.6974,1461.400,2.53963
69.7600,-17.7776,1444.969,2.58966
69.8027,-17.7091,1265.416,2.58228
69.8453,-17.7437,1300.775,2.53220
69.8880,-17.6539,1263.673,3.07078
69.9307,-17.7486,1151.427,3.01994
69.9733,-17.8571,1227.117,3.02714
70.0160,-17.8271,1259.913,3.02558
70.0587,-17.7551,1240.846,2.41842
70.1013,-17.3424,1301.524,2.51007
70.1440,-17.6181,1314.280,2.65489
70.1867,-17.5480,1184.737,2.57864
70.2293,-17.6802,1233.454,2.61189
70.2720,-17.3357,1150.298,2.65199
70.3147,-17.5455,1133.906,2.34670
70.3573,-17.6323,1143.985,2.35407
70.4000,-17.5597,1107.582,2.96601
70.4427,-17.8179,1070.393,2.79200
70.4853,-18.5506,1062.779,2.80948
70.5280,-18.6077,1082.673,2.24633
70.5707,-18.5617,1249.722,2.14821
70.6133,-18.5006,1280.543,2.21903
70.6560,-18.4627,1172.797,2.47068
70.6987,-18.3776,1195.645,2.40602
70.7413,-18.4775,1160.935,2.34930
70.7840,-18.3542,1153.186,2.34164
70.8267,-18.5505,1292.197,2.25358
70.8693,-18.4498,1362.863,2.51714
70.9120,-18.5718,1237.012,2.53831
70.9547,-18.7355,1328.656,2.47094
70.9973,-18.7623,1412.745,2.53339
71.0400,-18.6897,1416.960,2.06475
71.0827,-18.2048,1421.791,2.17116
71.1253,-18.5469,1319.573,2.39030
71.1680,-18.4064,1141.873,2.47630
71.2107,-18.4806,1084.182,2.39918
71.2533,-18.2065,959.677,2.36082
71.2960,-17.9432,950.401,2.21350
71.3387,-18.0990,977.587,2.24355
71.3813,-17.8134,934.801,2.95212
71.4240,-17.7482,980.401,2.77451
71.4667,-17.9357,1110.230,2.74893
71.5093,-18.1847,1155.474,2.59266
71.5520,-18.0999,1241.740,2.49289
71.5947,-17.5516,1319.609,2.50577
71.6373,-17.8495,1173.125,2.79891
71.6800,-17.7867,1128.125,2.49713
71.7227,-17.6529,1172.425,2.43217
71.7653,-17.4590,1123.745,2.66703
71.8080,-17.4446,1206.817,2.51926
71.8507,-17.5198,1146.945,3.21594
71.8933,-17.4717,1010.875,3.52888
71.9360,-17.9584,1047.157,3.33414
71.9787,-17.9642,1052.118,3.63214
72.0213,-17.8205,1070.618,3.12790
72.0640,-17.9204,1177.163,3.22483
72.1067,-17.9459,1196.038,3.37623
72.1493,-17.7325,1087.299,3.26533
72.1920,-17.8677,1249.709,3.29170
72.2347,-18.0400,1263.670,3.36085
72.2773,-17.9039,1313.349,3.18038
72.3200,-17.9948,1427.769,3.24789
72.3627,-17.9558,1385.227,3.86677
72.4053,-18.0739,1289.247,3.40356
72.4480,-17.9822,1354.533,3.44999
72.4907,-18.1048,1382.617,2.84810
72.5333,-17.9231,1337.492,2.53123
72.5760,-17.4110,1398.154,2.62700
72.6187,-17.7242,1231.932,2.79488
72.6613,-17.5996,1177.012,2.57841
72.7040,-17.5817,1223.257,2.58728
72.7467,-17.4000,1191.186,2.80223
72.7893,-17.3767,1316.451,2.74684
72.8320,-17.5465,1288.729,3.05668
72.8747,-17.5376,1245.453,3.16021
72.9173,-18.1691,1340.872,2.97992
72.9600,-18.1456,1454.646,2.97528
73.0027,-18.3080,1490.709,2.46244
73.0453,-18.2407,1451.771,2.54412
73.0880,-17.8239,1396.832,2.64624
73.1307,-18.0377,1176.460,2.58507
73.1733,-17.9722,1172.645,2.56923
73.2160,-18.0833,1190.986,2.63360
73.2587,-17.7722,1109.238,2.17961
73.3013,-17.5533,1084.237,2.19695
73.3440,-17.5254,1018.386,2.75536
73.3867,-17.5047,1087.858,2.38969
73.4293,-17.6254,1205.186,2.42186
73.4720,-17.3853,1260.950,2.22929
73.5147,-17.3238,1298.439,2.07268
73.5573,-17.2909,1258.271,2.06091
73.6000,-17.2600,1141.097,2.26277
73.6427,-17.1969,1106.507,2.12724
73.6853,-17.1802,1149.237,2.12605
73.7280,-17.1100,1050.820,2.33651
73.7707,-17.2013,1057.802,2.28048
73.8133,-17.2176,1014.374,2.48332
73.8560,-17.1954,980.344,2.79188
73.8987,-17.7493,1101.709,2.72582
73.9413,-17.8025,1180.706,2.78004
73.9840,-17.7363,1200.071,2.25426
74.0267,-17.6896,1260.786,2.33583
74.0693,-17.6345,1277.178,2.57708
74.1120,-17.5740,1186.315,2.46320
74.1547,-17.5647,1241.745,2.46483
74.1973,-17.8877,1197.802,2.55451
74.2400,-17.6942,1157.109,2.48908
74.2827,-17.5183,1208.985,2.45779
74.3253,-17.3981,1146.666,3.03279
74.3680,-17.3848,1096.282,2.68500
74.4107,-17.5775,1131.927,2.71310
74.4533,-17.5703,1142.496,2.52678
74.4960,-17.4476,1166.297,2.15526
74.5387,-17.0679,1218.044,2.18551
74.5813,-17.3606,1090.096,2.36096
74.6240,-17.2368,993.372,2.25042
74.6667,-17.0806,1069.316,2.20373
74.7093,-16.9930,1013.713,2.19258
74.7520,-17.0198,1072.491,2.16777
74.7947,-17.2506,1099.793,2.41909
74.8373,-17.2903,1001.773,2.50555
74.8800,-17.7810,1105.637,2.30487
74.9227,-17.7896,1180.422,2.34770
74.9653,-17.7988,1199.008,2.05599
75.0080,-17.6229,1144.162,2.15049
75.0507,-17.2724,1096.913,2.27405
75.0933,-17.4321,947.576,2.47637
75.1360,-17.4203,1008.342,2.45464
75.1787,-17.4569,1090.374,2.60990
75.2213,-17.4983,1160.852,2.64304
75.2640,-17.2340,1299.629,2.71352
75.3067,-17.3144,1438.544,3.21683
75.3493,-17.3515,1525.713,2.94517
75.3920,-17.5919,1646.156,2.97139
75.4347,-17.5391,1701.671,2.82855
75.4773,-17.7801,1694.761,2.69784
75.5200,-17.9897,1673.858,2.78111
75.5627,-17.6548,1459.196,3.11371
75.6053,-17.7170,1335.734,2.78832
75.6480,-18.0025,1206.135,2.75575
75.6907,-17.8435,1120.670,2.91481
75.7333,-18.1391,1198.263,2.65700
75.7760,-17.8692,1197.960,2.70890
75.8187,-17.8240,1100.229,2.88986
75.8613,-18.2948,1089.856,2.61138
75.9040,-18.3019,1094.407,2.55093
75.9467,-17.9725,1038.346,2.16323
75.9893,-17.4532,1029.295,2.19977
76.0320,-17.6552,996.945,2.29112
76.0747,-17.5245,805.116,2.38023
76.1173,-17.2730,805.383,2.28510
76.1600,-17.2443,786.345,2.24882
76.2027,-16.9665,740.189,2.10045
76.2453,-16.9973,780.077,2.07790
76.2880,-17.0702,756.427,2.86472
76.3307,-17.1445,719.395,2.56920
76.3733,-17.7567,766.926,2.55398
76.4160,-17.7796,774.734,2.46163
76.4587,-17.7347,885.558,2.19514
76.5013,-17.6162,974.112,2.21527
76.5440,-17.6367,943.884,2.51408
76.5867,-17.5104,872.020,2.57970
76.6293,-17.5776,878.092,2.57875
76.6720,-17.8391,839.433,2.86560
76.7147,-17.7642,958.268,2.64456
76.7573,-17.7854,1132.888,2.88573
76.8000,-17.8029,976.550,3.23142
76.8427,-17.8586,1020.209,3.08399
76.8853,-18.1170,1095.501,3.23717
76.9280,-18.7161,1117.193,2.62746
76.9707,-18.8337,1212.265,2.68361
77.0133,-18.4088,1287.475,2.79304
77.0560,-18.5934,1126.874,3.17282
77.0987,-18.6673,1033.431,3.14950
77.1413,-18.3072,1075.933,3.15095
77.1840,-18.6518,1016.234,3.02010
77.2267,-18.3595,1149.031,2.88249
77.2693,-18.3065,1194.125,3.53252
77.3120,-18.4246,1115.703,3.14571
77.3547,-18.4487,1183.747,3.17034
77.3973,-18.0600,1233.206,3.00218
77.4400,-18.1290,1300.814,2.83921
77.4827,-18.3111,1394.306,2.83988
77.5253,-17.9671,1379.748,2.96311
77.5680,-17.9145,1206.300,2.75035
77.6107,-18.0095,1210.326,2.72284
77.6533,-17.6395,1221.981,2.87735
77.6960,-18.0587,1270.575,2.50082
77.7387,-17.9480,1267.843,2.46671
77.7813,-17.9753,1179.157,3.02705
77.8240,-18.4828,1161.062,2.83299
77.8667,-18.5748,1200.695,2.86887
77.9093,-17.9823,1228.227,2.34017
77.9520,-17.7196,1334.531,2.33765
77.9947,-18.0730,1351.100,2.39972
78.0373,-17.8747,1215.725,2.50112
78.0800,-17.7568,1220.871,2.29659
78.1227,-17.9676,1200.374,2.27938
78.1653,-17.5838,1131.013,2.25419
78.2080,-17.7838,1167.916,2.40761
78.2507,-17.6678,1137.648,2.76666
78.2933,-17.7055,1013.764,2.52634
78.3360,-17.8957,1069.146,2.51542
78.3787,-17.9009,1159.378,2.58576
78.4213,-17.8482,1214.532,2.02123
78.4640,-17.4157,1258.467,2.08812
78.5067,-17.6897,1212.310,2.75165
78.5493,-17.6236,1107.533,2.57810
78.5920,-17.2254,1132.990,2.57280
78.6347,-16.9205,1057.837,3.08884
78.6773,-16.2123,1024.313,2.91298
78.7200,-15.8988,927.447,2.91801
78.7627,-15.3295,799.795,3.15764
78.8053,-15.3181,791.373,2.99792
78.8480,-15.4138,830.741,2.90697
78.8907,-15.6827,824.230,2.81962
78.9333,-16.1366,806.581,2.79632
78.9760,-15.5870,838.407,2.92270
79.0187,-15.4298,754.271,3.43464
79.0613,-15.6772,815.638,3.45712
79.1040,-15.7283,838.515,3.46791
79.1467,-16.3431,796.646,2.94749
79.1893,-16.6943,851.988,2.97273
79.2320,-17.0549,884.907,3.48491
79.2747,-17.3582,904.473,3.08924
79.3173,-17.9332,1055.280,3.09298
79.3600,-17.6820,1122.636,3.10446
79.4027,-17.0748,1149.634,2.89239
79.4453,-17.1827,1272.007,2.83403
79.4880,-17.6067,1261.931,3.05884
79.5307,-17.4185,1195.801,2.85284
79.5733,-17.7256,1255.891,2.91322
79.6160,-17.6068,1229.201,2.89582
79.6587,-17.4941,1223.703,2.30691
79.7013,-17.6908,1308.865,2.40163
79.7440,-17.6226,1330.258,2.87005
79.7867,-17.7886,1332.699,2.63958
79.8293,-17.8850,1386.834,2.79551
79.8720,-17.8295,1401.075,2.39721
79.9147,-17.6360,1378.129,2.19418
79.9573,-17.2653,1429.872,2.29004
80.0000,-17.4933,1312.244,2.89387
80.0427,-17.3517,1256.047,2.86052
80.0853,-17.4597,1186.988,2.88336
80.1280,-17.2230,1093.025,2.71568
80.1707,-17.0164,1223.683,2.59762
80.2133,-17.1466,1245.348,3.19832
80.2560,-17.1249,1203.630,3.31796
80.2987,-17.7805,1267.880,3.28158
80.3413,-17.9663,1255.531,3.17503
80.3840,-17.8856,1350.105,2.70067
80.4267,-17.8181,1435.632,2.68907
80.4693,-17.9035,1399.567,2.76432
80.5120,-17.7856,1239.179,2.81800
80.5547,-17.7001,1258.981,2.82260
80.5973,-17.8797,1185.348,2.85920
80.6400,-17.9000,1164.474,2.32247
80.6827,-17.9120,1217.065,2.35425
80.7253,-17.8234,1019.775,2.76197
80.7680,-17.8556,977.452,2.62475
80.8107,-17.8616,1058.951,2.69379
80.8533,-18.0037,1040.899,2.23242
80.8960,-17.8163,1012.012,2.07479
80.9387,-17.2725,1018.645,2.22419
80.9813,-17.5940,867.531,2.65215
81.0240,-17.4865,820.985,2.61695
81.0667,-17.4569,905.995,2.66934
81.1093,-17.2838,820.460,2.62742
81.1520,-17.2755,878.961,2.44197
81.1947,-17.4485,908.937,2.82177
81.2373,-17.4887,928.010,2.91699
81.2800,-17.9965,1090.290,2.80942
81.3227,-17.8469,1188.900,2.80971
81.3653,-17.7955,1237.239,2.45304
81.4080,-17.7792,1258.989,2.51918
81.4507,-17.6373,1259.199,2.76002
81.4933,-17.6121,1122.552,2.79704
81.5360,-17.5959,1140.504,2.77313
81.5787,-17.7959,1075.881,2.80749
81.6213,-17.4611,1008.565,2.32474
81.6640,-17.2492,1022.932,2.30587
81.7067,-17.2017,958.403,2.90052
81.7493,-17.3922,948.810,2.71602
81.7920,-17.9741,1022.865,2.71380
81.8347,-17.8994,1038.865,2.41420
81.8773,-17.8452,1168.982,2.29957
81.9200,-17.7742,1250.107,2.39675
81.9627,-17.7945,1205.325,2.67703
82.0053,-17.6985,1203.983,2.61563
82.0480,-17.7932,1276.369,2.61887
82.0907,-17.7285,1225.953,2.42601
82.1333,-17.6551,1278.006,2.23767
82.1760,-17.7112,1294.888,2.48821
82.2187,-17.6504,1142.924,2.57138
82.2613,-17.8004,1188.947,2.56814
82.3040,-17.8439,1241.409,2.61887
82.3467,-17.7539,1380.003,2.16162
82.3893,-17.4474,1425.253,2.20040
82.4320,-17.5364,1413.664,2.40533
82.4747,-17.5073,1290.724,2.35299
82.5173,-17.3262,1399.916,2.33859
82.5600,-17.6371,1397.548,2.41438
82.6027,-17.6121,1442.360,2.19085
82.6453,-17.4098,1485.617,2.30641
82.6880,-17.2783,1309.885,2.78468
82.7307,-17.2737,1325.398,2.66997
82.7733,-17.4573,1450.268,2.76414
82.8160,-17.3982,1479.722,2.83161
82.8587,-17.2580,1408.758,2.66052
82.9013,-16.9129,1368.204,2.73792
82.9440,-17.1176,1174.478,2.98823
82.9867,-16.9657,1146.204,2.90649
83.0293,-16.7479,1172.246,2.93222
83.0720,-16.6550,1054.800,3.03298
83.1147,-16.9783,1043.445,3.03581
83.1573,-17.1382,1029.144,3.09856
83.2000,-17.2725,1016.509,3.31011
83.2427,-17.9349,1218.319,3.19351
83.2853,-18.1674,1344.023,3.07243
83.3280,-18.1136,1359.501,2.74098
83.3707,-17.9579,1451.286,2.81670
83.4133,-18.0163,1432.566,2.76808
83.4560,-18.0312,1310.631,2.69674
83.4987,-18.0994,1378.948,2.74249
83.5413,-18.0651,1344.446,2.67829
83.5840,-18.0455,1219.756,2.40799
83.6267,-17.9592,1247.644,2.32470
83.6693,-17.7553,1294.291,2.67979
83.7120,-17.6827,1248.772,2.39188
83.7547,-17.8003,1315.838,2.38032
83.7973,-17.7813,1368.312,2.26300
83.8400,-17.6839,1393.064,2.09077
83.8827,-17.2326,1450.955,2.14933
83.9253,-17.5511,1432.524,2.34058
83.9680,-17.4101,1359.573,2.21402
84.0107,-17.5323,1337.660,2.16960
84.0533,-17.0239,1328.850,2.22176
84.0960,-17.3457,1433.762,2.02644
84.1387,-17.3745,1481.155,1.98699
84.1813,-17.3383,1448.483,2.50647
84.2240,-17.8444,1444.937,2.45076
84.2667,-18.3420,1447.924,2.44342
84.3093,-18.3434,1486.437,2.15035
84.3520,-18.2879,1541.035,2.20174
84.3947,-18.2835,1479.968,2.25367
84.4373,-18.2181,1312.404,2.53572
84.4800,-18.2381,1306.177,2.35145
84.5227,-18.2465,1233.087,2.39395
84.5653,-18.2248,1209.908,2.29583
84.6080,-18.1781,1286.567,2.27011
84.6507,-18.0501,1236.208,2.76368
84.6933,-18.0405,1093.068,2.62599
84.7360,-18.1218,1161.629,2.62274
84.7787,-18.0970,1201.621,2.64025
84.8213,-17.9240,1225.744,2.35389
84.8640,-17.4387,1290.023,2.52008
84.9067,-17.7709,1226.920,2.81065
84.9493,-17.5873,1148.176,2.72366
84.9920,-17.6805,1255.491,2.71139
85.0347,-17.1797,1280.151,2.83745
85.0773,-17.6529,1435.563,2.57406
85.1200,-17.6577,1509.918,2.60584
85.1627,-17.5453,1488.035,3.05756
85.2053,-17.7133,1553.610,2.90120
85.2480,-17.7317,1649.237,2.85935
85.2907,-17.7417,1666.478,2.59889
85.3333,-17.5327,1629.075,2.67926
85.3760,-17.2841,1583.576,2.66799
85.4187,-17.4541,1326.150,2.70247
85.4613,-17.3967,1333.143,2.47655
85.5040,-17.3140,1306.504,2.39482
85.5467,-16.9134,1225.141,2.24336
85.5893,-17.2186,1227.074,2.19511
85.6320,-17.3265,1197.740,2.63364
85.6747,-17.5646,1178.502,2.66659
85.7173,-18.4285,1276.850,2.64519
85.7600,-18.4894,1323.400,2.75110
85.8027,-18.4089,1297.352,2.33765
85.8453,-18.2636,1312.569,2.44472
85.8880,-18.2827,1267.889,2.74483
85.9307,-18.1987,1201.597,2.54065
85.9733,-18.3289,1182.818,2.50604
86.0160,-18.1506,1093.979,2.58752
86.0587,-18.3823,1060.036,2.48228
86.1013,-18.1899,1029.621,2.54705
86.1440,-17.9357,952.063,3.02696
86.1867,-17.8243,908.787,2.88603
86.2293,-17.9072,906.537,2.90049
86.2720,-17.9121,946.012,2.58654
86.3147,-17.6530,1044.457,2.44904
86.3573,-17.5849,1041.563,2.54172
86.4000,-17.6794,941.096,2.63495
86.4427,-17.6001,980.691,2.50838
86.4853,-17.5094,966.406,2.55296
86.5280,-17.0611,995.241,2.35462
86.5707,-17.4079,1080.292,2.35646
86.6133,-17.3912,1057.471,2.42129
86.6560,-17.4730,1053.011,2.32427
86.6987,-18.1515,1193.298,2.38873
86.7413,-19.0089,1319.242,2.48112
86.7840,-20.0018,1462.514,2.15284
86.8267,-20.6974,1643.503,2.28428
86.8693,-21.8309,1690.607,2.46550
86.9120,-23.1292,1825.593,2.49268
86.9547,-24.5465,2160.990,2.45520
86.9973,-25.4521,2379.012,2.59320
87.0400,-26.0317,2745.084,2.34830
87.0827,-26.4945,3052.670,2.41134
87.1253,-26.7083,3093.991,2.69032
87.1680,-26.8480,3196.922,2.65175
87.2107,-27.2027,3211.674,2.62098
87.2533,-27.4651,3056.091,2.62272
87.2960,-27.5560,3079.429,2.58843
87.3387,-27.2172,2949.951,2.58921
87.3813,-26.9227,2574.874,2.67682
87.4240,-26.7360,2362.729,2.50871
87.4667,-26.5995,2299.895,2.40206
87.5093,-26.5244,2180.328,2.35609
87.5520,-26.7563,2381.678,2.20001
87.5947,-27.1264,2445.129,2.22946
87.6373,-27.5522,2176.027,2.26628
87.6800,-27.8538,2193.198,2.29453
87.7227,-28.0152,2213.528,2.26637
87.7653,-28.1650,2362.227,1.94775
87.8080,-28.2286,2660.689,1.90897
87.8507,-28.0373,2786.922,2.12470
87.8933,-27.2603,2646.153,2.05054
87.9360,-26.5694,2742.330,2.06043
87.9787,-26.2135,2716.436,2.06852
88.0213,-26.0411,2704.993,1.85399
88.0640,-26.0733,2683.453,1.83769
88.1067,-26.3230,2423.897,2.20730
88.1493,-26.7097,2154.215,2.06680
88.1920,-27.1879,2019.967,2.06975
88.2347,-27.7697,1954.286,2.25453
88.2773,-28.4766,2214.193,2.01128
88.3200,-29.2841,2324.704,2.03150
88.3627,-30.5724,2252.732,2.41668
88.4053,-32.2139,2553.685,2.31260
88.4480,-33.1429,2673.473,2.32593
88.4907,-33.7888,2805.963,2.38432
88.5333,-34.1296,3097.678,2.40042
88.5760,-34.3851,3134.551,2.40365
88.6187,-34.6349,2837.625,2.77440
88.6613,-34.9091,2995.119,2.81135
88.7040,-34.5945,3078.750,2.92417
88.7467,-34.3459,3075.358,2.61763
88.7893,-34.1026,3185.555,2.76721
88.8320,-33.9926,3170.114,2.93058
88.8747,-33.1410,3059.272,2.75102
88.9173,-32.7991,3197.314,2.74606
88.9600,-32.4381,3094.544,2.99316
89.0027,-32.2948,3021.490,2.62702
89.0453,-32.3058,3015.735,2.68804
89.0880,-32.0369,2769.060,2.89662
89.1307,-31.9889,2839.057,2.65932
89.1733,-32.1496,2809.461,2.68276
89.2160,-32.1852,2727.097,2.72810
89.2587,-32.2095,2861.631,2.34215
89.3013,-32.0260,3045.922,2.31914
89.3440,-32.2253,2969.222,2.44797
89.3867,-32.0000,3091.751,2.38132
89.4293,-31.8943,3174.349,2.32341
89.4720,-31.8862,2987.742,2.24196
89.5147,-31.5965,2996.626,2.21592
89.5573,-31.2763,2925.865,2.22701
89.6000,-30.7438,2681.886,2.33982
89.6427,-30.7436,2612.625,2.29471
89.6853,-30.6729,2602.525,2.28784
89.7280,-30.5430,2515.725,2.04465
89.7707,-30.3372,2808.974,2.06150
89.8133,-30.3363,3009.833,2.15065
89.8560,-30.7051,3039.183,2.07350
89.8987,-31.0426,3166.232,2.03489
89.9413,-31.2418,3203.215,2.10044
89.9840,-31.6184,3315.662,1.85757
90.0267,-32.2052,3399.188,1.90713
90.0693,-32.6324,3393.173,2.16529
90.1120,-32.6487,3205.983,2.06531
90.1547,-32.5436,3051.560,2.06096
90.1973,-32.0896,2913.516,2.15796
90.2400,-31.9922,3107.256,1.82393
90.2827,-32.1613,3091.130,1.91548
90.3253,-32.5929,2940.662,2.18903
90.3680,-32.7519,2982.059,2.16826
90.4107,-32.6615,3056.430,2.17092
90.4533,-32.7279,3167.502,2.25837
90.4960,-33.1333,3553.452,2.62794
90.5387,-33.2447,3815.565,2.61447
90.5813,-33.0884,3618.950,2.62459
90.6240,-32.9948,3733.417,2.82374
90.6667,-33.1736,4104.788,3.07217
90.7093,-32.9348,4272.584,2.71082
90.7520,-32.0414,4407.644,2.83414
90.7947,-30.8869,4046.705,3.15821
90.8373,-30.2453,3738.847,3.02436
90.8800,-29.7377,3558.379,3.09524
90.9227,-28.9481,3620.119,2.98500
90.9653,-27.6819,3866.528,2.75654
91.0080,-27.0409,3833.516,2.80843
91.0507,-26.8610,3909.084,2.88792
91.0933,-26.8479,4056.864,2.84682
91.1360,-26.8942,4544.882,2.50115
91.1787,-26.8462,4846.056,2.55894
91.2213,-27.1320,5234.180,2.52434
91.2640,-27.3173,5563.727,2.33746
91.3067,-27.4156,5648.228,2.05584
91.3493,-27.7207,5802.637,2.32518
91.3920,-27.8611,5939.143,2.22663
91.4347,-27.7262,6016.931,1.82105
91.4773,-27.4127,6045.770,1.91389
91.5200,-27.3155,6092.535,1.91339
91.5627,-27.1444,6094.028,1.95234
91.6053,-26.9030,6052.871,1.97730
91.6480,-27.1353,6094.197,1.94381
91.6907,-27.2429,6148.844,1.92898
91.7333,-27.3332,6187.701,1.70654
91.7760,-27.3548,6283.804,1.93693
91.8187,-27.2965,6407.607,1.84543
91.8613,-27.0838,6489.314,1.80218
91.9040,-27.3194,6556.993,1.85337
91.9467,-27.4261,6667.986,1.97292
91.9893,-27.1400,6757.012,1.72001
92.0320,-26.7163,6762.216,1.67220
92.0747,-26.3590,6774.929,1.96832
92.1173,-25.6708,6744.899,1.86308
92.1600,-24.8757,6735.738,1.74294
92.2027,-24.0289,6542.684,1.81120
92.2453,-23.0793,6437.507,1.74901
92.2880,-21.8493,6298.085,1.83338
92.3307,-20.8357,6084.098,1.70342
92.3733,-20.5623,5907.419,1.74947
92.4160,-20.5102,5403.337,1.73362
92.4587,-20.6207,4947.036,1.73020
92.5013,-20.9104,4435.111,1.73472
92.5440,-21.3080,3984.344,2.06580
92.5867,-21.8086,3513.620,2.05422
92.6293,-22.4222,2991.583,2.10849
92.6720,-23.1221,2541.175,2.22145
92.7147,-24.0029,2263.564,2.09455
92.7573,-25.0626,2321.400,2.07569
92.8000,-26.2034,2317.473,2.13486
92.8427,-26.4836,2406.679,2.34368
92.8853,-26.4483,2692.945,2.30447
92.9280,-26.4691,2845.752,2.19649
92.9707,-26.6089,2853.536,2.18267
93.0133,-26.6625,2988.890,2.15697
93.0560,-26.7366,2962.141,2.01019
93.0987,-26.8768,2691.709,2.18654
93.1413,-26.9256,2440.574,2.32656
93.1840,-27.0936,2128.968,1.96329
93.2267,-27.2405,1722.669,1.83004
93.2693,-27.3990,1483.090,1.73882
93.3120,-27.5046,1614.260,1.76048
93.3547,-27.8061,1452.988,1.81687
93.3973,-28.0794,1204.995,1.90033
93.4400,-28.2287,1159.821,1.86774
93.4827,-28.3790,1136.705,1.63696
93.5253,-28.4756,1124.032,1.68714
93.5680,-28.6763,1130.359,1.69832
93.6107,-29.1031,1066.662,1.88871
93.6533,-29.3410,864.622,2.19147
93.6960,-29.5555,902.764,2.07298
93.7387,-29.5020,914.105,1.95122
93.7813,-29.7081,951.213,1.78308
93.8240,-29.8169,953.340,1.69460
93.8667,-29.9388,952.905,1.71857
93.9093,-30.1565,946.343,1.78720
93.9520,-30.4419,942.484,1.69289
93.9947,-30.7633,887.444,1.73442
94.0373,-30.8859,808.445,1.74644
94.0800,-30.9361,842.750,1.71525
94.1227,-31.0406,784.477,2.62151
94.1653,-31.2065,784.630,2.54080
94.2080,-31.3790,781.150,2.50914
94.2507,-31.4629,788.168,2.76010
94.2933,-31.7104,1481.985,2.46172
94.3360,-31.7595,2224.287,2.45001
94.3787,-31.8134,2767.136,3.29140
94.4213,-31.9420,3394.947,3.24794
94.4640,-31.4620,4147.679,3.26229
94.5067,-31.4656,4705.779,3.18972
94.5493,-31.6827,5546.648,3.11627
94.5920,-31.9299,6418.166,3.04443
94.6347,-32.1403,6444.269,3.16881
94.6773,-32.6072,6186.992,3.04877
94.7200,-32.9047,5688.062,3.00394
94.7627,-33.0921,5011.061,1.98220
94.8053,-33.4694,4320.805,2.02362
94.8480,-33.7729,3746.824,2.04870
94.8907,-33.9596,2897.007,1.57978
94.9333,-34.7863,2006.791,1.53491
94.9760,-35.2398,1279.354,1.52317
95.0187,-35.4675,786.228,0.67254
95.0613,-35.6365,672.613,0.66524
95.1040,-35.8004,667.159,0.64485
95.1467,-35.9670,625.053,0.64026
95.1893,-36.1375,640.449,0.64084
95.2320,-36.2946,641.089,0.63724
95.2747,-36.4632,640.468,0.23221
95.3173,-36.6302,637.620,0.23003
95.3600,-36.7949,633.370,0.22144
95.4027,-36.9568,631.035,0.21479
95.4453,-37.1223,629.897,0.15825
95.4880,-37.2849,614.740,0.12182
95.5307,-37.4481,590.087,0.12344
95.5733,-37.6095,586.360,0.12419
95.6160,-37.7713,584.819,0.12404
95.6587,-37.9351,584.338,0.05302
95.7013,-38.0981,583.449,0.05062
95.7440,-38.2586,582.367,0.04530
95.7867,-38.4200,581.680,0.04397
95.8293,-38.5843,580.876,0.04350
95.8720,-38.7462,580.284,0.04093
95.9147,-38.9057,580.057,0.03762
95.9573,-39.0688,579.947,0.03998
96.0000,-39.2322,579.633,0.04010
96.0427,-39.3921,579.385,0.03493
96.0853,-39.5532,579.217,0.03514
96.1280,-39.7161,578.905,0.03565
96.1707,-39.8778,578.691,0.03378
96.2133,-40.0382,578.740,0.03307
96.2560,-40.2003,578.469,0.03557
96.2987,-40.3619,578.186,0.03450
96.3413,-40.5226,578.004,0.03249
96.3840,-40.6846,577.704,0.03661
96.4267,-40.8460,577.393,0.03614
96.4693,-41.0063,577.273,0.03605
96.5120,-41.1683,576.995,0.03800
96.5547,-41.3302,576.362,0.03752
96.5973,-41.4903,576.125,0.03533
96.6400,-41.6512,575.997,0.03644
96.6827,-41.8136,575.658,0.03781
96.7253,-41.9739,575.374,0.03554
96.7680,-42.1340,575.249,0.03605
96.8107,-42.2963,574.935,0.03601
96.8533,-42.4573,574.590,0.03501
96.8960,-42.6169,574.496,0.26713
96.9387,-42.7786,574.295,0.26612
96.9813,-43.0967,573.910,0.26428
97.0240,-39.2655,573.731,0.25894
97.0667,-35.4208,781.853,0.25766
97.1093,-31.5615,709.999,0.25656
97.1520,-27.6865,638.275,0.25179
97.1947,-23.7976,566.598,0.25060
