piece,hits,uniqueUsers,type,firstDay,lastDay
prompt,4617055,0,system,2025-12-31,2026-09-03
+CSCOE+/logon.html,20429,0,system,2026-04-01,2026-08-28
laer-klokken,18923,0,system,2025-12-31,2026-09-03
notepat,10331,0,system,2025-12-31,2026-09-03
+webvpn+/index.html,9802,0,system,2026-04-14,2026-08-06
nopaint,8935,0,system,2026-04-23,2026-09-03
$bop,3711,0,system,2026-01-03,2026-09-03
$4xa,3144,0,system,2026-01-13,2026-09-03
$ceo,2873,0,system,2026-01-03,2026-09-03
$roz,2828,0,system,2026-01-03,2026-09-03
$pie,2762,0,system,2026-01-03,2026-09-03
$cow,2488,0,system,2026-01-03,2026-09-03
starfield,2020,0,system,2026-03-28,2026-09-03
$nsh,1938,0,system,2026-01-14,2026-08-29
$4bb,1880,0,system,2026-01-05,2026-09-03
$dlb,1795,0,system,2026-01-20,2026-09-03
api/.env,1791,0,system,2026-01-01,2026-05-24
$rzo,1754,0,system,2026-01-20,2026-09-03
$9ay,1713,0,system,2026-01-13,2026-09-03
$87a,1710,0,system,2026-01-04,2026-09-03
$isd,1700,0,system,2026-01-22,2026-09-03
$wa9,1687,0,system,2026-01-20,2026-09-03
prutti,1682,0,system,2025-12-31,2026-09-02
$17m,1633,0,system,2026-01-20,2026-09-03
$c4x,1628,0,system,2026-01-04,2026-09-03
$wib,1624,0,system,2026-01-20,2026-08-29
$olp,1596,0,system,2026-01-20,2026-09-03
$pif,1406,0,system,2026-01-06,2026-09-02
$epk,1377,0,system,2026-01-05,2026-09-03
$ga1,1345,0,system,2026-01-20,2026-09-02
$39i,1292,0,system,2026-01-03,2026-08-29
$bap,1283,0,system,2026-01-20,2026-08-29
$bels,1276,0,system,2026-01-04,2026-09-02
api/chat-messages,1238,0,system,2026-01-01,2026-03-28
$wezo,1230,0,system,2026-01-04,2026-08-28
list,1214,0,system,2026-01-01,2026-09-03
$wifz,1185,0,system,2026-01-04,2026-09-02
chat,1157,0,system,2025-12-31,2026-09-03
$r2f,1084,0,system,2026-01-03,2026-08-28
$h6g,1069,0,system,2026-01-20,2026-08-29
kidlisp,1066,0,system,2025-12-31,2026-09-02
wipppps,1061,0,system,2025-12-31,2026-09-02
$qkn,1060,0,system,2026-01-20,2026-08-29
laklok,1028,0,system,2026-05-31,2026-09-03
$otoc,921,0,system,2026-01-05,2026-09-02
$reeb,911,0,system,2026-01-20,2026-08-28
$niy,833,0,system,2026-01-20,2026-09-02
$mz4,830,0,system,2026-01-05,2026-08-28
$ayc,800,0,system,2026-01-20,2026-08-29
baktok,778,0,system,2025-12-31,2026-09-03
$sepb,756,0,system,2026-01-05,2026-08-26
$ri3,736,0,system,2026-01-20,2026-08-28
r8dio,729,0,system,2026-01-01,2026-09-03
$o6p,718,0,system,2026-01-05,2026-08-28
@jeffrey,708,0,system,2026-01-02,2026-09-02
$nrb,686,0,system,2026-01-20,2026-08-26
blank,654,0,system,2026-03-28,2026-09-01
@medialuna,647,0,system,2026-03-31,2026-09-03
painting,642,0,system,2026-01-01,2026-09-03
$air,638,0,system,2026-01-05,2026-08-29
$1fi,637,0,system,2026-01-04,2026-09-01
api/config,630,0,system,2026-01-08,2026-03-27
$4wi,627,0,system,2026-01-05,2026-08-26
$wes,618,0,system,2026-01-05,2026-08-26
$uni,618,0,system,2026-01-20,2026-09-02
$fdj,611,0,system,2026-01-05,2026-08-29
$peil,610,0,system,2026-01-05,2026-08-26
girlfriend,599,0,system,2026-01-01,2026-09-03
$nece,598,0,system,2026-01-20,2026-08-29
$eel,593,0,system,2026-01-20,2026-08-28
$inz,590,0,system,2026-01-03,2026-08-28
api/settings,585,0,system,2026-01-11,2026-03-27
$bair,582,0,system,2026-01-05,2026-09-03
$bial,577,0,system,2026-01-20,2026-08-28
$lei,574,0,system,2026-01-03,2026-09-02
$dbh,574,0,system,2026-01-20,2026-08-28
$faim,568,0,system,2026-01-05,2026-09-02
$berz,562,0,system,2026-01-24,2026-09-02
@prutti,561,0,system,2026-01-01,2026-09-01
api/upwload,545,0,system,2026-02-10,2026-03-23
$bils,518,0,system,2026-03-12,2026-09-02
$woe,514,0,system,2026-01-04,2026-08-29
about,507,0,system,2026-03-28,2026-09-01
api/payment/config,493,0,system,2026-02-10,2026-03-27
wg~imab,480,0,system,2026-03-31,2026-09-03
$febs,477,0,system,2026-01-05,2026-08-28
profile,474,0,system,2026-03-29,2026-09-02
$xom,461,0,system,2026-02-13,2026-08-26
line,451,0,system,2026-03-28,2026-09-02
$noc,444,0,system,2026-01-20,2026-04-20
aa,443,0,system,2026-04-21,2026-09-02
api/v1/config,436,0,system,2026-01-09,2026-03-27
$inc,435,0,system,2026-01-20,2026-04-08
wg~puzz,435,0,system,2026-04-05,2026-09-03
@fifi,430,0,system,2026-01-02,2026-08-30
wg~w0w,429,0,system,2026-03-30,2026-09-03
commits,427,0,system,2026-03-30,2026-09-02
$mtz,426,0,system,2026-01-05,2026-05-29
$weus,424,0,system,2026-01-20,2026-05-28
$woww,423,0,system,2026-01-05,2026-04-23
