"rank","id","date","views","likes","comments","reposts","saves","duration_seconds","audit","matched_terms","caption","tiktok_url","asset_url"
"1","6984626715117079814","2021-07-14","120300000","4900000","20000","24200","289900","17","ocr-clear","","🙂🏘 best friends duet w/ @applinfreundlich #neighbor #besties #fountainpen #cute","https://www.tiktok.com/@whistlegraph/video/6984626715117079814","https://assets.aesthetic.computer/whistlegraph/index/posts/6984626715117079814.mp4"
"2","6922359455686397189","2021-01-27","87100000","4200000","26100","19500","215900","18","ocr-clear","","more butterfliez ✒️🎶","https://www.tiktok.com/@whistlegraph/video/6922359455686397189","https://assets.aesthetic.computer/whistlegraph/index/posts/6922359455686397189.mp4"
"3","7025102707417435398","2021-10-31","77800000","5300000","50900","28800","199500","12","ocr-clear","","we have done these near your house 🔺","https://www.tiktok.com/@whistlegraph/video/7025102707417435398","https://assets.aesthetic.computer/whistlegraph/index/posts/7025102707417435398.mp4"
"4","6925546179275099397","2021-02-04","50800000","2500000","6827","4616","97500","19","ocr-clear","","🏭🍪💇‍♀️🕊","https://www.tiktok.com/@whistlegraph/video/6925546179275099397","https://assets.aesthetic.computer/whistlegraph/index/posts/6925546179275099397.mp4"
"5","6987889824237767941","2021-07-22","42200000","854000","1783","1928","20400","11","ocr-clear","","this whistlegraph was brought to u by the number… ✒️🎶 #learnontiktok #doodle #math #art #counting w/ @applinfreundlich","https://www.tiktok.com/@whistlegraph/video/6987889824237767941","https://assets.aesthetic.computer/whistlegraph/index/posts/6987889824237767941.mp4"
"6","7055106286232325423","2022-01-20","39600000","2100000","11400","18900","64200","8","ocr-clear","","dot dot dot dash dash dash dot dot dot (jk)","https://www.tiktok.com/@whistlegraph/video/7055106286232325423","https://assets.aesthetic.computer/whistlegraph/index/posts/7055106286232325423.mp4"
"7","6887389067546348805","2020-10-25","37300000","2200000","4395","3590","92400","33","ocr-clear","","""Pumpkin Carver"" composed by @adeelaaaide 🆕 whistlegraph performed by myself, Camille & @hippiethoughts 🎃 #doodle #art #drawing #aesthetic #fyp","https://www.tiktok.com/@whistlegraph/video/6887389067546348805","https://assets.aesthetic.computer/whistlegraph/index/posts/6887389067546348805.mp4"
"8","7156425014999305518","2022-10-20","28600000","2000000","11100","6374","162700","15","ocr-clear","","don’t ask questions you don’t want the answers to","https://www.tiktok.com/@whistlegraph/video/7156425014999305518","https://assets.aesthetic.computer/whistlegraph/index/posts/7156425014999305518.mp4"
"9","7080453509149134126","2022-03-29","28300000","2300000","10600","4723","89900","10","ocr-clear","","spring flower","https://www.tiktok.com/@whistlegraph/video/7080453509149134126","https://assets.aesthetic.computer/whistlegraph/index/posts/7080453509149134126.mp4"
"10","6944230561737149701","2021-03-27","28200000","787700","498","1338","12000","10","ocr-clear","","this is how i greet whistlegraph house guests before they betray us and we kick them out! @xnastasia 🤬","https://www.tiktok.com/@whistlegraph/video/6944230561737149701","https://assets.aesthetic.computer/whistlegraph/index/posts/6944230561737149701.mp4"
"11","7011284068969024773","2021-09-24","25900000","1100000","2829","1214","23700","14","ocr-clear","","playing our beat game on the slab 🪄 #streetart #newgame #poetry #chalk #skater","https://www.tiktok.com/@whistlegraph/video/7011284068969024773","https://assets.aesthetic.computer/whistlegraph/index/posts/7011284068969024773.mp4"
"12","7199367653008428334","2023-02-12","24800000","398500","4023","1909","57500","18","ocr-clear","","U can learn it! 🫵🍎 #cute #drawing","https://www.tiktok.com/@whistlegraph/video/7199367653008428334","https://assets.aesthetic.computer/whistlegraph/index/posts/7199367653008428334.mp4"
"13","7035561380962929966","2021-11-28","23200000","875700","8322","2804","24000","17","ocr-clear","","overdubbing the chalk triangles we did outside the hardware store 🧑‍🏫","https://www.tiktok.com/@whistlegraph/video/7035561380962929966","https://assets.aesthetic.computer/whistlegraph/index/posts/7035561380962929966.mp4"
"14","6964086666512387333","2021-05-19","22800000","786200","823","1011","18700","15","ocr-clear","","five ppl whistlegrappling 5 uwu shrooms 🍄😔","https://www.tiktok.com/@whistlegraph/video/6964086666512387333","https://assets.aesthetic.computer/whistlegraph/index/posts/6964086666512387333.mp4"
"15","6925092114304961797","2021-02-03","20500000","747600","1389","1336","10200","13","ocr-clear","","alex slides down one more time 🙂✒️ @poempainter","https://www.tiktok.com/@whistlegraph/video/6925092114304961797","https://assets.aesthetic.computer/whistlegraph/index/posts/6925092114304961797.mp4"
"16","7041346579743362351","2021-12-14","19100000","500200","7805","2069","25500","11","ocr-clear","","just found this old unposted draft… 😳🔺","https://www.tiktok.com/@whistlegraph/video/7041346579743362351","https://assets.aesthetic.computer/whistlegraph/index/posts/7041346579743362351.mp4"
"17","7026056921480285445","2021-11-02","18600000","636700","6676","2942","21700","8","ocr-clear","","when you mess the spell up 🧙+🤦","https://www.tiktok.com/@whistlegraph/video/7026056921480285445","https://assets.aesthetic.computer/whistlegraph/index/posts/7026056921480285445.mp4"
"18","7141445144477191470","2022-09-09","18500000","354600","2379","525","42900","7","ocr-clear","","","https://www.tiktok.com/@whistlegraph/video/7141445144477191470","https://assets.aesthetic.computer/whistlegraph/index/posts/7141445144477191470.mp4"
"19","7028361620262980870","2021-11-09","17000000","656600","2862","897","25800","14","ocr-clear","","Special Edges in rounds 🌹🎶🎶💋🧩 #drawing","https://www.tiktok.com/@whistlegraph/video/7028361620262980870","https://assets.aesthetic.computer/whistlegraph/index/posts/7028361620262980870.mp4"
"20","7167111381907442987","2022-11-17","15200000","610800","1838","1910","49000","14","ocr-clear","","U can learn it 🫵🦋 #cute #drawing","https://www.tiktok.com/@whistlegraph/video/7167111381907442987","https://assets.aesthetic.computer/whistlegraph/index/posts/7167111381907442987.mp4"
"21","6924483645122022662","2021-02-02","14600000","457500","1015","1051","10200","13","ocr-clear","","✒️🎶 composed by @cerebraljelly","https://www.tiktok.com/@whistlegraph/video/6924483645122022662","https://assets.aesthetic.computer/whistlegraph/index/posts/6924483645122022662.mp4"
"22","7036191705040948527","2021-11-30","14400000","1100000","7507","5454","60600","14","ocr-clear","","maaaakkkkkinnn bookses✌️🥵💻🖼 *little boXXXez* b a r e l y b o x e s //NOW\\ #makingboxeschallenge [can u do it or r u too...👻🤔?]","https://www.tiktok.com/@whistlegraph/video/7036191705040948527","https://assets.aesthetic.computer/whistlegraph/index/posts/7036191705040948527.mp4"
"23","6925870424140057862","2021-02-05","14300000","322100","2156","859","8854","19","ocr-clear","","w/ @cksuperstore & @poempainter #art #doodle #drawing #sketchbook #whistlegraph","https://www.tiktok.com/@whistlegraph/video/6925870424140057862","https://assets.aesthetic.computer/whistlegraph/index/posts/6925870424140057862.mp4"
"24","6889170390904589574","2020-10-29","13900000","310800","1846","687","29100","22","ocr-clear","","A rather spooky and morose rendition of ""Hey There, Apple"" by myself, @hippiethoughts, and Camille! #drawing #painting #diy #art #aesthetic #morose","https://www.tiktok.com/@whistlegraph/video/6889170390904589574","https://assets.aesthetic.computer/whistlegraph/index/posts/6889170390904589574.mp4"
"25","7021262898479549702","2021-10-20","13800000","1800000","3676","6530","92600","24","ocr-clear","","not again! 💔💔💔🖋😓","https://www.tiktok.com/@whistlegraph/video/7021262898479549702","https://assets.aesthetic.computer/whistlegraph/index/posts/7021262898479549702.mp4"
"26","7212830906095111466","2023-03-21","13500000","1400000","1426","12400","90900","19","ocr-clear","","so moldy #aesthetic #fountainpen #ink","https://www.tiktok.com/@whistlegraph/video/7212830906095111466","https://assets.aesthetic.computer/whistlegraph/index/posts/7212830906095111466.mp4"
"27","7079639110025088298","2022-03-27","12400000","679200","3268","1336","30700","10","ocr-clear","","all four seasons in 9 seconds","https://www.tiktok.com/@whistlegraph/video/7079639110025088298","https://assets.aesthetic.computer/whistlegraph/index/posts/7079639110025088298.mp4"
"28","7071087615948148010","2022-03-04","11400000","1700000","6221","13700","63000","10","ocr-clear","","he he he ha ha ha?","https://www.tiktok.com/@whistlegraph/video/7071087615948148010","https://assets.aesthetic.computer/whistlegraph/index/posts/7071087615948148010.mp4"
"29","6916051720535559430","2021-01-10","10500000","918500","1863","1402","23400","21","ocr-clear","","Emma C joins us in a quartet for a new piece about mass surveillance and the history of picture-making tech! #doodle #politics #arthistory #art 👉🖌📸","https://www.tiktok.com/@whistlegraph/video/6916051720535559430","https://assets.aesthetic.computer/whistlegraph/index/posts/6916051720535559430.mp4"
"30","7212715372263460142","2023-03-20","9900000","272000","302","1027","19000","20","ocr-clear","","versiations of the sad mush 😐🍄","https://www.tiktok.com/@whistlegraph/video/7212715372263460142","https://assets.aesthetic.computer/whistlegraph/index/posts/7212715372263460142.mp4"
